"final_grade","review_date","cocoa_percent","company_location","bean_type","broad_bean_origin"
3.75,2016,0.63,"France","","Sao Tome"
2.75,2015,0.7,"France","","Togo"
3,2015,0.7,"France","","Togo"
3.5,2015,0.7,"France","","Togo"
3.5,2015,0.7,"France","","Peru"
2.75,2014,0.7,"France","Criollo","Venezuela"
3.5,2014,0.7,"France","","Cuba"
3.5,2014,0.7,"France","Criollo","Venezuela"
3.75,2014,0.7,"France","Criollo","Venezuela"
4,2014,0.7,"France","","Peru"
2.75,2013,0.7,"France","","Panama"
3,2013,0.7,"France","Criollo","Madagascar"
3.25,2013,0.7,"France","","Brazil"
3.75,2013,0.7,"France","","Ecuador"
2.75,2013,0.7,"France","","Colombia"
3,2013,0.7,"France","","Burma"
3.25,2013,0.7,"France","","Papua New Guinea"
4,2013,0.7,"France","Trinitario","Venezuela"
3.25,2013,0.7,"France","","Peru"
3.5,2013,0.7,"France","","Peru"
4,2013,0.63,"France","","Peru"
3.5,2012,0.7,"France","","Bolivia"
3.75,2012,0.63,"France","","Peru"
3.75,2015,0.7,"U.S.A.","","Peru"
3.75,2015,0.7,"U.S.A.","Criollo","Peru"
2.75,2011,0.6,"Fiji","Trinitario","Fiji"
3.25,2011,0.8,"Fiji","Trinitario","Fiji"
3.5,2011,0.88,"Fiji","Trinitario","Fiji"
3.5,2011,0.72,"Fiji","Trinitario","Fiji"
2.75,2009,0.55,"Ecuador","Forastero (Arriba)","Ecuador"
3,2009,0.7,"Ecuador","Forastero (Arriba)","Ecuador"
3,2009,0.7,"Mexico","Criollo","Mexico"
3.75,2011,0.75,"Switzerland","Trinitario","Indonesia"
2.75,2010,0.75,"Switzerland","Criollo","Madagascar"
2.75,2010,0.75,"Switzerland","Forastero","Brazil"
2.75,2014,0.65,"France","Trinitario","Trinidad"
2.75,2014,0.75,"France","Trinitario","Vietnam"
3,2014,0.75,"France","Trinitario","Madagascar"
2.5,2013,0.75,"France","Trinitario","Venezuela"
2.5,2013,0.75,"France","","Peru"
3.5,2017,0.7,"Netherlands","Forastero (Nacional)","Ecuador"
3.5,2017,0.7,"Netherlands","Criollo, Trinitario","Nicaragua"
3.5,2017,0.7,"Netherlands","Trinitario","Vietnam"
3.5,2017,0.7,"Netherlands","Forastero","Tanzania"
2.75,2016,0.6,"U.S.A.","","Nicaragua"
3,2016,0.6,"U.S.A.","","Peru"
2.5,2016,0.6,"U.S.A.","","Bolivia"
2.5,2016,0.6,"U.S.A.","","Peru"
2.75,2016,0.6,"U.S.A.","","Ecuador"
2.5,2013,0.6,"U.S.A.","","Venezuela"
3,2013,0.6,"U.S.A.","Trinitario","Dominican Republic"
3.25,2013,0.8,"U.S.A.","","Bolivia"
3,2013,0.6,"U.S.A.","","Bolivia"
3.25,2013,0.6,"U.S.A.","","Peru"
4,2011,0.7,"U.S.A.","","Papua New Guinea"
3.75,2010,0.7,"U.S.A.","","Dominican Republic"
4,2010,0.7,"U.S.A.","","Ecuador"
3,2010,0.7,"U.S.A.","Trinitario","Venezuela"
3,2009,0.7,"U.S.A.","","Venezuela"
2.75,2008,0.7,"U.S.A.","","Indonesia"
3.5,2007,0.7,"U.S.A.","Trinitario","Madagascar"
3,2007,0.7,"U.S.A.","","Venezuela"
3.75,2007,0.7,"U.S.A.","Criollo","Venezuela"
3,2009,0.7,"Spain","Forastero","Ghana"
2.75,2009,0.7,"Spain","","Ecuador"
2.75,2009,0.85,"Spain","","Ecuador"
3,2009,0.85,"Spain","Forastero","Ghana"
3.25,2013,0.72,"Peru","","Peru"
3.5,2013,0.73,"Peru","Trinitario","Peru"
3,2015,0.64,"Canada","Trinitario","Belize"
3.25,2015,0.66,"Canada","Trinitario","Madagascar"
3.25,2015,0.75,"Canada","","Dominican Republic"
3.25,2015,0.63,"Canada","","Papua New Guinea"
3.25,2015,0.7,"Canada","","Venezuela"
3.5,2015,0.68,"Canada","","Peru"
3.75,2012,0.7,"Italy","","Peru"
4,2007,0.7,"Italy","Criollo (Porcelana)","Venezuela"
4,2007,0.75,"Italy","Blend",""
5,2007,0.7,"Italy","Trinitario","Venezuela"
3,2007,0.7,"Italy","Trinitario","Ecuador"
3,2007,0.7,"Italy","Trinitario","Jamaica"
3.5,2007,0.7,"Italy","Trinitario","Grenada"
3.75,2007,0.7,"Italy","Trinitario (85% Criollo)","Venezuela"
4,2007,0.7,"Italy","Trinitario (85% Criollo)","Madagascar"
3.5,2007,0.7,"Italy","Trinitario","Trinidad"
3.5,2007,0.63,"Italy","Blend",""
5,2006,0.7,"Italy","Blend",""
4,2006,0.66,"Italy","Blend",""
3.25,2013,0.75,"Brazil","Forastero (Catongo)","Brazil"
2.75,2010,0.85,"Brazil","Forastero (Parazinho)","Brazil"
3.75,2010,0.5,"Brazil","Forastero (Parazinho)","Brazil"
3.75,2010,0.75,"Brazil","Forastero (Parazinho)","Brazil"
4,2010,0.6,"Brazil","Forastero (Parazinho)","Brazil"
3,2014,0.75,"U.S.A.","","Dominican Republic"
3.5,2016,0.75,"U.S.A.","","Bolivia"
3,2014,0.75,"France","Trinitario","Madagascar"
2.5,2014,0.72,"France","","Mexico"
2.75,2014,0.75,"France","","Ecuador"
3,2014,0.75,"France","","Venezuela"
3.5,2016,0.7,"U.S.A.","Trinitario","Trinidad"
3.75,2016,0.7,"U.S.A.","","Tanzania"
3.5,2016,0.73,"U.S.A.","Trinitario","Vietnam"
3.25,2016,0.7,"U.S.A.","","Ecuador"
3.25,2016,0.7,"U.S.A.","","Ecuador"
3.5,2016,0.7,"U.S.A.","","Guatemala"
3.75,2016,0.7,"U.S.A.","","Nicaragua"
3.5,2016,0.7,"U.S.A.","","Honduras"
4,2016,0.7,"U.S.A.","","Costa Rica"
4,2016,0.7,"U.S.A.","Forastero (Nacional)","Peru"
3.75,2016,0.7,"U.S.A.","","Dominican Republic"
3.25,2016,0.7,"U.S.A.","","Fiji"
3.25,2016,0.73,"U.S.A.","","Vietnam"
3.5,2015,0.7,"U.S.A.","","Brazil"
3.5,2015,0.68,"U.S.A.","Forastero (Nacional)","Peru"
3.75,2015,0.7,"U.S.A.","Forastero (Nacional)","Ecuador"
3.5,2015,0.7,"U.S.A.","","Domincan Republic"
3.75,2015,0.7,"U.S.A.","Trinitario","Belize"
4,2015,0.7,"U.S.A.","Criollo, Trinitario","Nicaragua"
2.75,2015,0.75,"U.S.A.","","Brazil"
3.25,2015,0.7,"U.S.A.","","Guatemala"
3.5,2015,0.75,"U.S.A.","","Ecuador"
3.25,2013,0.72,"U.K.","Trinitario","Trinidad"
3.75,2012,0.72,"U.K.","","Colombia"
4,2011,0.72,"U.K.","","Haiti"
2.75,2011,0.72,"U.K.","","Panama"
1.75,2010,1,"U.K.","","Venezuela"
3.75,2010,0.72,"U.K.","Trinitario","Jamaica"
3.25,2010,0.72,"U.K.","","Costa Rica"
3.25,2010,0.72,"U.K.","Trinitario","Vietnam"
3.5,2010,0.72,"U.K.","","Indonesia"
2.5,2009,0.75,"U.K.","Criollo, Trinitario","Venezuela"
2.75,2009,0.72,"U.K.","Trinitario","Indonesia"
1.75,2009,0.72,"U.K.","","Brazil"
3,2009,0.8,"U.K.","Criollo, Trinitario","Madagascar"
3,2009,0.75,"U.K.","Criollo","Peru"
3.25,2009,0.72,"U.K.","Trinitario","Dominican Republic"
3.75,2008,0.72,"U.K.","Forastero","Congo"
2.75,2013,0.72,"U.K.","Trinitario","Colombia"
3.75,2016,0.68,"U.S.A.","Trinitario","Tanzania"
3.75,2011,0.72,"U.S.A.","Trinitario","Tanzania"
3.75,2011,0.7,"U.S.A.","Trinitario","Honduras"
3.75,2009,0.77,"U.S.A.","Trinitario","Philippines"
2.5,2007,0.75,"U.S.A.","Trinitario","Mexico"
3,2007,0.7,"U.S.A.","Forastero (Arriba)","Ecuador"
3.25,2015,0.8,"Australia","",""
3.5,2015,0.7,"Australia","","Papua New Guinea"
3,2012,0.7,"Australia","Trinitario","Madagascar"
2.5,2012,0.7,"Australia","","Brazil"
2.5,2012,0.7,"Australia","Blend",""
2.75,2015,0.7,"Peru","","Peru"
3.5,2015,0.7,"Peru","","Peru"
3.5,2015,0.7,"U.S.A.","","Brazil"
4,2014,0.7,"U.S.A.","Forastero (Nacional)","Peru"
3.25,2012,0.7,"U.S.A.","","Dominican Republic"
3.5,2012,0.7,"U.S.A.","","Mexico"
3.75,2012,0.7,"U.S.A.","Trinitario","Madagascar"
2.75,2012,0.8,"Wales","","Costa Rica"
3.5,2016,0.65,"U.S.A.","","Domincan Republic"
3.75,2016,0.7,"U.S.A.","","Brazil"
3.25,2016,0.65,"U.S.A.","","Ecuador"
3,2017,0.73,"U.K.","","Malaysia"
3.25,2017,0.72,"U.K.","","Malaysia"
2.75,2016,0.8,"U.S.A.","","Brazil"
2.75,2016,0.7,"U.S.A.","","Domincan Republic"
2.75,2016,0.7,"U.S.A.","","Ecuador"
2.75,2016,0.9,"U.S.A.","","Ecuador"
2.75,2010,0.64,"Belgium","","Costa Rica"
2.75,2010,0.64,"Belgium","","Papua New Guinea"
2.75,2010,0.64,"Belgium","","Peru"
3.5,2010,0.71,"Belgium","","Ecuador"
3.5,2016,0.7,"U.S.A.","Criollo, Trinitario","Tanzania"
3.25,2016,0.7,"U.S.A.","","Bolivia"
3.5,2016,0.7,"U.S.A.","","Domincan Republic"
2.75,2016,0.83,"Germany","Trinitario","Belize"
3,2016,0.78,"Germany","Trinitario","Belize"
3.5,2016,0.83,"Germany","Trinitario","Belize"
3.5,2013,0.74,"Belgium","Trinitario","Cuba"
3.5,2013,0.74,"Belgium","Criollo","Venezuela"
3.5,2013,0.74,"Belgium","Criollo","Venezuela"
4,2013,0.73,"Belgium","Trinitario","Ecuador"
4,2011,0.72,"Belgium","Trinitario","Indonesia"
3.75,2011,0.72,"Belgium","Trinitario","Madagascar"
2.75,2012,0.55,"France","",""
3,2011,0.64,"Switzerland","Trinitario","Madagascar"
3,2011,0.88,"Switzerland","Criollo","Venezuela"
3.5,2011,0.72,"Switzerland","","Venezuela"
4,2011,0.72,"Switzerland","","Ecuador"
3.25,2010,0.7,"Switzerland","Trinitario","Venezuela"
3.25,2010,0.74,"Switzerland","Criollo (Porcelana)","Venezuela"
3.5,2010,0.64,"Switzerland","","Indonesia"
3.5,2010,0.72,"Switzerland","","Venezuela"
2.5,2015,0.76,"U.S.A.","","Nicaragua"
2.5,2015,0.76,"U.S.A.","","Costa Rica"
2.5,2015,0.78,"U.S.A.","","Costa Rica"
3.25,2015,0.86,"U.S.A.","Trinitario","Belize"
3.5,2012,0.72,"U.S.A.","Forastero","Ghana"
3.25,2010,0.75,"U.S.A.","","Indonesia"
3.75,2010,0.7,"U.S.A.","Blend","Dominican Rep., Bali"
2.75,2010,0.65,"U.S.A.","","Indonesia"
3,2010,0.7,"U.S.A.","Trinitario","Madagascar"
3,2010,0.78,"U.S.A.","Criollo","Venezuela"
3,2009,0.75,"U.S.A.","","Dominican Republic"
3.5,2009,0.65,"U.S.A.","","Dominican Republic"
3.25,2009,0.75,"U.S.A.","Trinitario","Madagascar"
3.5,2009,0.65,"U.S.A.","Trinitario","Madagascar"
3,2008,0.71,"U.S.A.","Trinitario","Madagascar"
3.5,2008,0.75,"U.S.A.","","Panama"
3.75,2008,0.68,"U.S.A.","","Dominican Republic"
3,2008,0.7,"U.S.A.","Forastero","Ghana"
2.75,2008,0.7,"U.S.A.","","Dominican Republic"
2.75,2008,0.7,"U.S.A.","Trinitario","Venezuela"
3,2008,0.7,"U.S.A.","","Nicaragua"
2.75,2014,0.7,"U.K.","Trinitario","Jamaica"
3.5,2013,0.82,"Spain","Forastero","Congo"
2.75,2009,0.72,"Spain","",""
3.5,2016,0.82,"U.S.A.","Trinitario","Madagascar"
2.75,2016,0.75,"U.S.A.","","Guatemala"
3.5,2016,0.75,"U.S.A.","","Tanzania"
3,2016,0.75,"U.S.A.","","Dominican Republic"
3.5,2012,0.7,"U.S.A.","","Guatemala"
3.75,2012,0.7,"U.S.A.","Trinitario","Madagascar"
3.5,2016,0.75,"France","","Mexico"
4,2014,0.75,"France","","Brazil"
3.25,2014,0.75,"France","","Dominican Republic"
3.75,2014,0.65,"France","","Venez,Africa,Brasil,Peru,Mex"
3.5,2013,0.75,"France","","Brazil"
3.25,2013,0.75,"France","","Gabon"
3.5,2011,0.75,"France","Trinitario","Cuba"
3.5,2011,0.75,"France","","Peru"
3.5,2011,0.75,"France","Forastero (Nacional)","Peru"
3.75,2011,0.75,"France","","Brazil"
4,2011,0.75,"France","","Haiti"
4,2011,0.75,"France","Criollo","Madagascar"
3.5,2011,0.75,"France","","Brazil"
3.25,2011,0.75,"France","Trinitario","Jamaica"
3,2009,0.75,"France","","Ivory Coast"
2.75,2009,0.75,"France","Criollo","Peru"
3,2009,0.75,"France","Criollo","Mexico"
3,2009,0.75,"France","Criollo","Mexico"
4,2008,0.75,"France","Criollo (Porcelana)","Venezuela"
2.5,2007,0.75,"France","Forastero (Arriba)","Ecuador"
3.75,2006,0.75,"France","Trinitario","Carribean"
4,2006,0.75,"France","","Venezuela"
4,2006,0.75,"France","Criollo","Venezuela"
4,2006,0.75,"France","Trinitario","Madagascar"
1.5,2006,1,"France","",""
3,2006,0.75,"France","","Sri Lanka"
4,2006,0.75,"France","Trinitario","Venezuela"
3.25,2009,0.77,"Ecuador","Forastero (Arriba)","Ecuador"
1.5,2009,1,"Ecuador","Forastero (Arriba)","Ecuador"
2.75,2014,0.7,"U.S.A.","Trinitario","Belize"
2.75,2014,0.7,"U.S.A.","","Dominican Republic"
3.5,2016,0.7,"U.S.A.","Criollo","Venezuela"
3.75,2016,0.7,"U.S.A.","","Nicaragua"
3.75,2015,0.68,"U.S.A.","","Dominican Republic"
3.75,2014,0.7,"U.S.A.","Trinitario","Belize"
4,2014,0.7,"U.S.A.","Trinitario","Venezuela"
3,2013,0.72,"U.S.A.","Trinitario","Dominican Republic"
3.25,2013,0.7,"U.S.A.","","Ecuador"
3.5,2013,0.75,"U.S.A.","Forastero","Ghana"
3.5,2013,0.85,"U.S.A.","Trinitario","Venezuela"
3,2015,0.6,"U.S.A.","","Dominican Republic"
3.25,2015,0.8,"U.S.A.","","Dominican Republic"
3.5,2015,0.7,"U.S.A.","","Guatemala"
2.75,2015,0.8,"U.S.A.","","Madagascar"
3.25,2015,0.8,"U.S.A.","Trinitario","Belize"
3.25,2015,0.6,"U.S.A.","","Madagascar"
3,2013,0.7,"U.S.A.","Trinitario","Jamaica"
3,2014,0.72,"Australia","Trinitario","Madagascar"
3.5,2014,0.7,"Australia","","Dominican Republic"
3.5,2014,0.72,"Australia","","Ecuador"
2.75,2014,0.68,"Australia","Trinitario","Trinidad"
3.25,2015,0.7,"Russia","","Ecuador"
2.75,2013,0.68,"U.S.A.","","Dominican Republic"
3.25,2014,0.72,"U.S.A.","Trinitario","Trinidad"
3.5,2014,0.72,"U.S.A.","","Ecuador"
3.25,2014,0.72,"U.S.A.","Trinitario","Belize"
3.25,2014,0.72,"U.S.A.","Blend",""
2.5,2014,0.6,"U.S.A.","","Ecuador"
2.5,2015,0.7,"Puerto Rico","","Puerto Rico"
2.5,2014,0.75,"U.S.A.","Criollo","Peru"
2.5,2010,0.75,"U.S.A.","","Dominican Republic"
2.75,2010,0.75,"U.S.A.","","Dominican Republic"
2.25,2010,0.75,"U.S.A.","","Venezuela"
3.5,2016,0.65,"France","Trinitario, Criollo","Haiti"
3,2010,0.7,"France","","Dominican Republic"
2,2008,0.75,"France","","Tanzania"
2,2007,0.72,"France","","Venezuela"
3,2007,0.66,"France","","Mexico"
3.5,2015,0.77,"Venezuela","Trinitario","Venezuela"
3.25,2015,0.75,"Venezuela","Trinitario","Venezuela"
2.5,2014,0.75,"Venezuela","","Venezuela"
3.25,2014,0.74,"Venezuela","","Venezuela"
3.5,2014,0.75,"Venezuela","Trinitario","Venezuela"
3.75,2014,0.7,"Venezuela","Trinitario","Venezuela"
3.25,2015,0.74,"Venezuela","","Venezuela"
3.75,2016,0.71,"Colombia","","Colombia"
3.75,2016,0.74,"Colombia","","Colombia"
3.75,2015,0.72,"Colombia","","Colombia"
3.5,2014,0.64,"Colombia","","Colombia"
3.5,2014,0.7,"Colombia","","Colombia"
2.75,2014,0.69,"Colombia","","Colombia"
3.25,2014,0.7,"Colombia","","Colombia"
3.5,2016,0.7,"U.S.A.","Trinitario","Honduras"
3.75,2012,0.72,"U.S.A.","Criollo","Dominican Republic"
3,2011,0.72,"U.S.A.","","Dominican Republic"
3.75,2011,0.66,"U.S.A.","","Dominican Republic"
3.25,2011,0.65,"U.S.A.","","Dominican Republic"
3.5,2016,0.7,"Spain","Criollo","Congo"
3.5,2010,0.71,"Spain","Trinitario","Madagascar"
3.75,2010,0.71,"Spain","","Ecuador"
4,2010,0.71,"Spain","","Papua New Guinea"
3.25,2010,0.71,"Spain","Trinitario","Grenada"
3.5,2010,0.71,"Spain","","Venezuela"
3.5,2010,0.77,"Spain","","Venezuela"
4,2009,0.7,"Spain","Criollo","Mexico"
4,2009,0.7,"Spain","Criollo","Mexico"
3,2015,0.7,"Japan","Trinitario","Madagascar"
3.25,2015,0.7,"Japan","","Peru"
3.5,2015,0.7,"Japan","Trinitario","Vietnam"
3.25,2013,0.7,"Peru","","Peru"
3.5,2008,0.63,"Ecuador","Forastero (Arriba)","Ecuador"
3.5,2008,0.71,"Ecuador","Forastero (Arriba)","Ecuador"
2.5,2008,0.82,"Ecuador","Forastero (Arriba)","Ecuador"
1.5,2008,0.91,"Ecuador","Forastero (Arriba)","Ecuador"
2.75,2008,0.6,"Belgium","Trinitario","Grenada"
1,2007,0.7,"Belgium","","Ecuador"
2.5,2014,0.75,"Italy","","Cuba"
3,2014,0.72,"Italy","","Dominican Republic"
3.5,2014,0.7,"Italy","Blend",""
3.5,2013,1,"Italy","","Ecuador"
3,2012,0.8,"Italy","","Venezuela"
2.25,2011,0.78,"Italy","Forastero","Sao Tome"
2.5,2011,0.7,"Italy","Trinitario","Trinidad"
2.5,2016,0.75,"U.S.A.","Criollo","Venezuela"
2.75,2016,0.73,"U.S.A.","","Tanzania"
3,2016,0.7,"U.S.A.","Criollo","Venezuela"
3,2016,0.75,"U.S.A.","","Bolivia"
3.25,2016,0.7,"U.S.A.","Trinitario","Brazil"
2,2008,0.77,"Ecuador","Forastero (Arriba)","Ecuador"
2.5,2008,0.77,"Ecuador","Forastero (Arriba)","Ecuador"
2.75,2008,0.77,"Ecuador","Forastero (Arriba)","Ecuador"
3,2008,0.55,"Ecuador","Forastero (Arriba)","Ecuador"
3.25,2008,0.55,"Ecuador","Forastero (Arriba)","Ecuador"
3.5,2008,0.55,"Ecuador","Forastero (Arriba)","Ecuador"
3.5,2014,0.7,"New Zealand","Trinitario","Papua New Guinea"
3.75,2014,0.7,"New Zealand","","Papua New Guinea"
3.5,2015,0.72,"Costa Rica","","Guatemala"
3.25,2015,0.72,"Costa Rica","","Costa Rica"
3.5,2015,0.72,"Costa Rica","","Costa Rica"
3,2012,0.72,"Costa Rica","Forastero","Costa Rica"
2.75,2012,0.8,"Costa Rica","Forastero","Costa Rica"
3,2016,0.65,"Colombia","Trinitario","Colombia"
3.25,2016,0.65,"Colombia","Trinitario","Colombia"
3.25,2016,0.65,"Colombia","Trinitario","Colombia"
3.5,2016,0.65,"Colombia","Trinitario","Colombia"
3.5,2016,0.65,"Colombia","CCN51","Colombia"
4,2016,0.72,"U.S.A.","Trinitario","Belize"
3.5,2015,0.72,"U.S.A.","Trinitario","Honduras"
3.75,2015,0.7,"U.S.A.","Criollo, Trinitario","Domincan Republic"
3.5,2015,0.72,"U.S.A.","","Venezuela"
3.5,2014,0.72,"U.S.A.","Criollo, Trinitario","Colombia"
3.5,2014,0.76,"U.S.A.","Criollo, Trinitario","Colombia"
2.75,2014,0.7,"U.S.A.","Trinitario","Dominican Republic"
3,2013,0.7,"U.S.A.","Trinitario","Bolivia"
3.5,2013,0.73,"U.S.A.","Trinitario","Dominican Republic"
2.5,2013,0.7,"U.S.A.","Criollo","Peru"
3.25,2013,0.7,"U.S.A.","","Venezuela"
3.25,2013,0.72,"U.S.A.","Trinitario","Nicaragua"
2.75,2013,0.7,"U.S.A.","Criollo","Peru"
3,2013,0.72,"U.S.A.","","Venezuela"
2.5,2014,0.7,"U.S.A.","","Ecuador"
2.75,2014,0.7,"U.S.A.","","Peru"
2.75,2014,0.7,"U.S.A.","","Venezuela"
3,2014,0.7,"U.S.A.","","Bolivia"
2.75,2009,0.72,"France","","Ecuador"
2.75,2014,0.7,"Canada","Forastero","Uganda"
3.25,2016,0.7,"U.S.A.","","Belize"
2.75,2010,0.55,"Ecuador","Forastero (Arriba)","Ecuador"
3,2008,0.75,"Ecuador","Forastero (Arriba)","Ecuador"
3.5,2014,0.7,"U.S.A.","","Costa Rica"
3.5,2011,0.7,"France","",""
3.25,2015,0.7,"U.K.","","Ecuador"
3,2014,0.75,"Germany","Trinitario","Belize"
3.25,2014,0.82,"Germany","Trinitario","Belize"
2.75,2015,0.7,"South Korea","Trinitario","Vietnam"
3.5,2015,0.7,"South Korea","Trinitario","Malaysia"
2.5,2015,0.65,"U.K.","Criollo","Peru"
2.75,2015,0.65,"U.K.","Criollo","Peru"
2.5,2015,0.8,"U.K.","","Dominican Republic"
3.75,2011,0.7,"U.S.A.","Trinitario","Madagascar"
3.75,2011,0.68,"U.S.A.","","Venezuela"
2.5,2016,0.9,"U.S.A.","","Peru"
2.5,2016,0.8,"U.S.A.","",""
2.5,2016,0.7,"U.S.A.","","Bolivia"
2.75,2016,0.7,"U.S.A.","","Uganda"
3,2016,0.6,"U.S.A.","","Dominican Republic"
3,2016,0.75,"U.S.A.","","Dominican Republic"
3,2016,0.8,"U.S.A.","Criollo (Ocumare)","Venezuela"
3.25,2016,0.7,"U.S.A.","","Ecuador"
2.75,2016,0.8,"U.S.A.","","Nicaragua"
2.75,2014,0.74,"U.S.A.","","Peru"
3.25,2015,0.75,"Amsterdam","Trinitario","Dominican Republic"
3.5,2015,0.68,"Amsterdam","Forastero","Congo"
3.75,2015,0.8,"Amsterdam","Criollo","Peru"
3.75,2015,0.69,"Scotland","Forastero (Nacional)","Peru"
3.75,2015,0.8,"Scotland","Trinitario","Venezuela"
3.75,2013,0.7,"Scotland","Forastero (Nacional)","Peru"
2.5,2012,0.82,"Scotland","Forastero (Arriba)","Ecuador"
2.75,2012,0.68,"Scotland","Criollo","Peru"
3.25,2012,0.72,"Scotland","Criollo","Madagascar"
2.5,2014,0.7,"Canada","Criollo","Mexico"
3,2015,0.77,"Japan","Criollo","Venezuela"
3.25,2011,0.65,"Canada","","Mexico"
3.25,2010,0.71,"Spain","Criollo","Mexico"
3.5,2010,0.71,"Spain","Trinitario","Madagascar"
3.25,2009,0.6,"Spain","",""
3.25,2009,0.75,"Spain","",""
3.5,2008,0.71,"Spain","Criollo","Venezuela"
2.5,2007,0.71,"Spain","Forastero (Arriba)","Ecuador"
2.5,2007,0.71,"Spain","Trinitario","Grenada"
3,2007,0.7,"Spain","Blend",""
2.5,2015,0.65,"U.S.A.","Trinitario","Mexico"
2.5,2015,0.75,"U.S.A.","Trinitario","Mexico"
2.5,2009,0.8,"Canada","Criollo","Venezuela"
2.75,2009,0.7,"Canada","Criollo","Mexico"
3,2009,0.7,"Canada","","Brazil"
3,2009,0.8,"Canada","","Brazil"
3,2009,0.7,"Canada","Criollo","Venezuela"
2.75,2013,0.42,"Martinique","","Martinique"
3.25,2016,0.75,"Canada","","Mexico"
3.75,2011,0.68,"Canada","Forastero (Nacional)","Peru"
3,2009,0.61,"U.S.A.","Criollo","Venezuela"
2.75,2010,0.77,"U.S.A.","Trinitario","Venezuela"
3.75,2010,0.735,"Sao Tome","Forastero","Sao Tome & Principe"
3,2008,0.8,"Sao Tome","Forastero","Sao Tome & Principe"
4,2008,0.75,"Sao Tome","Forastero","Sao Tome & Principe"
1,2008,1,"Sao Tome","Forastero","Sao Tome & Principe"
3.5,2015,0.73,"U.S.A.","","Ecuador"
3,2015,0.75,"U.S.A.","Trinitario","Madagascar"
3.25,2010,0.7,"Argentina","","Venezuela"
2.75,2008,0.8,"Argentina","Trinitario","Venezuela"
3.25,2008,0.72,"Argentina","","Bolivia"
3.75,2008,0.7,"Argentina","Criollo","Venezuela"
2.75,2008,0.88,"Argentina","Forastero (Nacional)","Ecuador"
3.5,2015,0.76,"U.S.A.","","Ecuador"
2.75,2016,0.78,"U.S.A.","Trinitario","Vietnam"
3.25,2013,0.65,"Germany","Forastero (Nacional)","Ecuador"
3.5,2012,0.85,"Germany","Forastero","Ghana"
1.5,2012,1,"Germany","","Ecuador"
3.75,2012,0.72,"Germany","Forastero","Sao Tome & Principe"
3.5,2012,0.7,"Germany","Trinitario","Madagascar"
3.25,2010,0.72,"Germany","Trinitario","Grenada"
3,2010,0.7,"Germany","Trinitario","Venezuela"
2.5,2010,0.72,"Germany","Nacional","Ecuador"
3,2010,0.72,"Germany","Trinitario","Trinidad"
3.25,2010,0.72,"Germany","Trinitario","Jamaica"
3.25,2010,0.72,"Germany","Criollo (Ocumare 61)","Venezuela"
3,2009,0.72,"Germany","Criollo","Peru"
3.25,2009,0.62,"Germany","Criollo","Peru"
3.5,2009,0.7,"Germany","Criollo, Trinitario","Venezuela"
3.75,2009,0.7,"Germany","Criollo, Trinitario","Venezuela"
3,2008,0.72,"Germany","Criollo","Mexico"
3,2008,0.72,"Germany","Criollo (Porcelana)","Venezuela"
3,2007,0.72,"Germany","Trinitario","Madagascar"
1,2006,0.7,"Belgium","",""
2.5,2014,0.7,"Australia","Forastero","Papua New Guinea"
2.75,2014,0.83,"Australia","Trinitario","Vanuatu"
3.25,2012,0.75,"Australia","Forastero","Tanzania"
3.25,2012,0.65,"Australia","Trinitario","Brazil"
3.25,2012,0.67,"Australia","Trinitario","Fiji"
3.25,2012,0.64,"Australia","Trinitario","Vanuatu"
3.5,2012,0.75,"Australia","Forastero","Papua New Guinea"
3.25,2016,0.85,"U.S.A.","Forastero (Nacional)","Ecuador"
3.75,2016,0.73,"U.S.A.","Forastero (Nacional)","Ecuador"
2.75,2015,0.7,"Australia","","Australia"
3.25,2011,0.7,"Australia","","Australia"
2.75,2017,0.72,"U.S.A.","","Dominican Republic"
3,2015,0.7,"U.K.","Trinitario","Trinidad"
3.5,2015,0.7,"U.K.","","Ecuador"
2.25,2015,0.7,"U.K.","","Grenada"
2.75,2015,0.7,"U.K.","","Nicaragua"
3.75,2016,0.7,"U.S.A.","",""
3,2015,0.7,"U.S.A.","Trinitario","Belize"
3.5,2014,0.7,"U.S.A.","Trinitario","Belize"
3.5,2014,0.7,"U.S.A.","","Ecuador"
2.75,2014,0.7,"U.S.A.","","Liberia"
3.75,2014,0.7,"U.S.A.","","Dominican Republic"
2.75,2013,0.7,"U.S.A.","","Venezuela"
3.25,2013,0.7,"U.S.A.","","Venezuela"
3.5,2013,0.7,"U.S.A.","","Venezuela"
3.5,2013,0.7,"U.S.A.","","Papua New Guinea"
3,2012,0.7,"U.S.A.","","Costa Rica"
3.25,2012,0.7,"U.S.A.","","Colombia"
3.75,2012,0.7,"U.S.A.","","Dominican Republic"
3.25,2011,0.7,"U.S.A.","","Dominican Republic"
3.25,2011,0.7,"U.S.A.","Trinitario","Madagascar"
3.25,2011,0.7,"U.S.A.","","Tanzania"
3.25,2014,0.82,"Guatemala","","Guatemala"
3,2012,0.75,"Guatemala","Trinitario","Venezuela"
3.75,2012,0.7,"Guatemala","","Guatemala"
3.75,2012,0.7,"Guatemala","Trinitario","Madagascar"
4,2012,0.7,"Guatemala","Criollo","Guatemala"
3.25,2012,0.7,"Guatemala","","Guatemala"
3.5,2011,0.6,"Guatemala","","Guatemala"
3,2009,0.75,"Guatemala","Criollo","Guatemala"
3.25,2009,0.6,"Guatemala","Criollo","Guatemala"
2.75,2016,0.72,"U.S.A.","","Venezuela"
3,2016,0.72,"U.S.A.","Trinitario","Vietnam"
3.25,2016,0.7,"U.S.A.","","Ecuador, Costa Rica"
3.25,2016,0.75,"U.S.A.","","Bolivia"
3,2015,0.7,"U.S.A.","Trinitario","Madagascar"
3.25,2015,0.7,"U.S.A.","","Venezuela"
3,2015,0.7,"U.S.A.","","Tanzania"
3.25,2015,0.7,"U.S.A.","","Ecuador"
2.5,2013,0.7,"U.S.A.","Forastero","Ghana"
2.75,2013,0.7,"U.S.A.","","Dominican Republic"
2.75,2013,0.7,"U.S.A.","","Venezuela"
3.25,2012,0.58,"U.S.A.","Forastero","West Africa"
3.5,2015,0.72,"Brazil","","Brazil"
3.5,2015,0.65,"Brazil","","Brazil"
2.5,2016,0.7,"South Africa","Forastero","Uganda"
3,2016,0.7,"South Africa","","Madagascar"
2.5,2007,0.66,"U.S.A.","Trinitario","Madagascar"
3,2007,0.64,"U.S.A.","","Costa Rica"
3,2007,0.71,"U.S.A.","","Ecuador"
3,2007,0.6,"U.S.A.","Forastero","Ghana"
3,2007,0.64,"U.S.A.","","Papua New Guinea"
3,2007,0.64,"U.S.A.","","Peru"
3,2009,0.64,"France","","Papua New Guinea"
3.75,2008,0.66,"France","","Venezuela"
2.5,2016,0.72,"Canada","","Tanzania"
2.75,2008,0.8,"U.S.A.","","Bolivia"
3.5,2007,0.77,"U.S.A.","Trinitario","Costa Rica"
3.5,2007,0.77,"U.S.A.","","Dominican Republic"
3.75,2017,0.7,"U.S.A.","","Guatemala"
3.5,2016,0.78,"U.S.A.","Trinitario","Vietnam"
3.75,2015,0.7,"U.S.A.","","Bolivia"
3.5,2014,0.74,"U.S.A.","","Dominican Republic"
3.25,2013,0.7,"U.S.A.","","Ecuador"
3.5,2013,0.76,"U.S.A.","","Ecuador"
2.75,2012,0.75,"U.S.A.","","Bolivia"
2.75,2012,0.72,"U.S.A.","Trinitario","Belize"
2.75,2011,0.8,"U.S.A.","Trinitario","Madagascar"
3,2011,0.72,"U.S.A.","Trinitario","Madagascar"
2.75,2011,0.75,"U.S.A.","Criollo","Venezuela"
3,2011,0.74,"U.S.A.","","Dominican Republic"
3.25,2011,0.7,"U.S.A.","","Ecuador"
3,2015,0.85,"U.K.","","Venezuela"
3.25,2014,0.72,"U.K.","","Panama"
3.25,2014,0.72,"U.K.","Trinitario","Venezuela"
3.5,2014,0.72,"U.K.","Criollo, Trinitario","Nicaragua"
3.75,2009,0.7,"U.S.A.","","Hawaii"
3,2008,0.88,"Belgium","Forastero","West Africa"
1.5,2006,0.7,"Belgium","",""
3.75,2015,0.7,"Italy","","Ecuador"
3.75,2015,0.7,"Italy","Criollo (Ocumare 77)","Venezuela"
3,2013,1,"Italy","Criollo","Venezuela"
3.5,2012,0.7,"Italy","","Tanzania"
3.75,2012,0.7,"Italy","Criollo","Venezuela"
3.5,2011,0.7,"Italy","Criollo","Venezuela"
3,2010,0.7,"Italy","Trinitario","Venezuela"
3,2008,0.7,"Italy","Trinitario","Venezuela"
3,2008,0.7,"Italy","","Colombia"
3.5,2008,0.78,"Italy","Blend",""
3.75,2008,0.7,"Italy","Blend",""
4,2007,0.7,"Italy","Criollo (Porcelana)","Venezuela"
3.25,2007,0.75,"Italy","Criollo (Ocumare 61)","Venezuela"
3.25,2007,0.6,"Italy","Trinitario","Venezuela"
3.5,2007,0.7,"Italy","Trinitario","Madagascar"
3.5,2007,0.7,"Italy","Criollo","Madagascar"
3.75,2007,0.7,"Italy","Criollo","Indonesia"
4,2007,0.7,"Italy","Forastero (Arriba)","Ecuador"
4,2007,0.7,"Italy","Criollo (Ocumare 67)","Venezuela"
3,2006,0.7,"Italy","Trinitario","Venezuela"
3.25,2006,0.7,"Italy","Trinitario","Peru"
3.5,2006,0.7,"Italy","Trinitario","Venezuela"
2.75,2016,0.75,"U.K.","Trinitario","Grenada"
2.5,2015,0.7,"U.K.","Trinitario","Venezuela"
2.75,2015,0.8,"U.K.","Criollo, Trinitario","Colombia"
2.75,2015,0.77,"U.K.","Criollo, Trinitario","Madagascar"
4,2015,0.7,"U.K.","Criollo","Guatemala"
3.5,2014,0.7,"U.K.","Criollo","Nicaragua"
3.75,2014,0.76,"U.K.","Criollo","Nicaragua"
3.75,2012,0.72,"U.K.","","Venezuela"
3.75,2011,0.72,"U.K.","Criollo","Honduras"
3.5,2011,0.65,"U.K.","","Dominican Republic"
3,2011,0.72,"U.K.","","Panama"
3.25,2011,0.71,"U.K.","Criollo","Nicaragua"
3.5,2011,0.71,"U.K.","","Venezuela"
3.5,2010,0.7,"U.K.","","Panama"
3.75,2010,0.72,"U.K.","","Ecuador"
2.5,2010,0.7,"U.K.","","Ecuador"
3.75,2010,0.7,"U.K.","","Peru"
3.25,2015,0.7,"U.S.A.","","Dominican Republic"
2.75,2012,0.82,"France","Trinitario","Madagascar"
3.5,2015,0.7,"U.S.A.","Forastero (Nacional)","Peru"
3.5,2015,0.7,"U.S.A.","Trinitario","Venezuela"
3.25,2015,0.7,"U.S.A.","","Domincan Republic"
3.25,2015,0.7,"U.S.A.","Trinitario","Venezuela"
4,2015,0.7,"U.S.A.","","Ecuador"
3.25,2014,0.7,"Canada","","Peru"
3.5,2014,0.7,"Canada","Trinitario","Madagascar"
3.75,2014,0.7,"Canada","","Dominican Republic"
3.25,2016,0.7,"Canada","","Colombia"
3.25,2016,0.7,"Canada","","Colombia"
2.75,2012,0.72,"U.S.A.","Forastero (Nacional)","Peru"
3,2016,0.68,"Germany","Criollo","Venezuela"
3.75,2011,0.75,"Bolivia","","Bolivia"
2.75,2008,0.71,"Bolivia","","Bolivia"
3.75,2015,0.7,"Venezuela","","Venezuela"
2.75,2009,0.605,"Venezuela","Trinitario","Venezuela"
3,2009,0.7,"Venezuela","Trinitario","Venezuela"
2.5,2008,0.74,"Venezuela","Criollo","Venezuela"
2.5,2008,0.58,"Venezuela","Criollo","Venezuela"
3,2008,0.61,"Venezuela","Criollo","Venezuela"
2.75,2006,0.7,"Venezuela","Criollo","Venezuela"
2.75,2013,0.6,"St. Lucia","","St. Lucia"
3.25,2013,0.7,"St. Lucia","","St. Lucia"
3,2015,0.79,"Japan","","Venezuela"
3.5,2015,0.78,"Japan","Criollo","Peru"
3.25,2016,0.75,"U.S.A.","","Honduras"
3.25,2010,0.8,"Spain","Forastero","Sao Tome & Principe"
3.25,2014,0.7,"France","Trinitario","Vietnam"
3,2014,0.8,"France","Trinitario","Vietnam"
3.25,2014,0.74,"France","Trinitario","Vietnam"
2.75,2012,0.7,"U.S.A.","Trinitario","Venezuela"
2,2009,0.65,"U.S.A.","","Costa Rica"
3.5,2009,0.81,"U.S.A.","Criollo","Venezuela"
2.75,2009,0.74,"U.S.A.","","Cost Rica, Ven"
3,2008,0.72,"U.S.A.","Criollo","Venezuela"
2.5,2011,0.55,"U.S.A.","","Peru, Madagascar"
2.5,2011,0.55,"U.S.A.","Trinitario","Trinidad"
2.5,2011,0.7,"U.S.A.","Criollo (Porcelana)","Venezuela"
2.75,2011,0.62,"U.S.A.","",""
2.5,2011,0.62,"U.S.A.","","Venezuela, Trinidad"
3,2014,0.8,"U.S.A.","Trinitario","Belize"
3.5,2014,0.8,"U.S.A.","","Ecuador"
3.75,2014,0.8,"U.S.A.","","Dominican Republic"
2.75,2010,0.75,"U.S.A.","","Brazil"
3,2016,0.76,"Portugal","","Jamaica"
2.5,2016,0.76,"Portugal","","Venezuela"
2.75,2016,0.76,"Portugal","Trinitario","Belize"
3.5,2010,0.58,"Switzerland","Trinitario","Grenada"
2,2006,0.62,"Switzerland","",""
3,2006,0.74,"Switzerland","Trinitario, Criollo","Dominican Republic"
3,2006,0.64,"Switzerland","Criollo","Madagascar"
3,2006,0.65,"Switzerland","Criollo","Venezuela"
3.5,2006,0.72,"Switzerland","Forastero (Arriba)","Ecuador"
4,2006,0.68,"Switzerland","Criollo (Wild)","Bolivia"
2.25,2014,0.65,"U.S.A.","","Puerto Rico"
3,2014,0.8,"U.S.A.","","Dominican Republic"
3.25,2014,0.7,"U.S.A.","","Dominican Republic"
2.5,2014,0.85,"U.S.A.","","Dominican Republic"
2.75,2014,0.72,"U.K.","Criollo","Peru"
2.75,2016,0.7,"Puerto Rico","","Domincan Republic"
2.75,2016,0.8,"Puerto Rico","","Domincan Republic"
2.75,2016,0.7,"Singapore","","Madagascar"
3.5,2016,0.75,"Singapore","","Ecuador"
3.75,2016,0.67,"Singapore","Trinitario","Tanzania"
3.5,2014,0.7,"Venezuela","","Venezuela"
3.75,2014,0.7,"Venezuela","","Venezuela"
3.75,2012,0.7,"Venezuela","","Venezuela"
3.5,2012,0.6,"Venezuela","","Venezuela"
3.5,2015,0.7,"Belgium","","Costa Rica"
3.5,2015,0.75,"Belgium","","Peru"
3,2015,0.8,"Belgium","Trinitario","Vietnam"
3.5,2014,0.6,"Belgium","Forastero","Ghana"
3.5,2014,0.65,"Belgium","Trinitario","Madagascar"
3.5,2017,0.7,"U.S.A.","","Peru"
3.5,2015,0.73,"U.S.A.","","Guatemala"
3,2014,0.8,"U.S.A.","","Costa Rica"
3.25,2014,0.68,"U.S.A.","","Nicaragua"
3.5,2013,0.66,"U.S.A.","","Peru"
2.5,2012,0.7,"U.S.A.","Criollo","Peru"
3.5,2012,0.61,"U.S.A.","","Peru"
2,2012,0.81,"U.S.A.","","Peru"
3.5,2011,0.7,"U.S.A.","Forastero (Nacional)","Peru"
3.5,2011,0.65,"U.S.A.","","Dominican Republic"
3,2014,0.7,"U.S.A.","Forastero (Nacional)","Peru"
3.5,2014,0.7,"U.S.A.","Forastero (Nacional)","Peru"
3.5,2014,0.7,"U.S.A.","Forastero (Nacional)","Peru"
3.5,2014,0.7,"U.S.A.","Forastero (Nacional)","Peru"
3.25,2013,0.72,"U.S.A.","","Dominican Republic"
3.75,2013,0.72,"U.S.A.","","Dominican Republic"
3.75,2013,0.7,"U.S.A.","","Peru"
4,2013,0.7,"U.S.A.","Trinitario","Peru"
3.5,2012,0.69,"U.S.A.","","Papua New Guinea"
3.5,2012,0.69,"U.S.A.","","Papua New Guinea"
4,2012,0.74,"U.S.A.","Trinitario","Madagascar"
4,2012,0.69,"U.S.A.","Trinitario","Papua New Guinea"
3,2012,0.69,"U.S.A.","Trinitario","Papua New Guinea"
2.75,2011,0.74,"U.S.A.","Forastero","Ghana"
3.25,2011,0.7,"U.S.A.","Trinitario","Jamaica"
3.5,2011,0.72,"U.S.A.","","Dominican Republic"
3.5,2011,0.7,"U.S.A.","Trinitario","Jamaica"
2.75,2011,0.74,"U.S.A.","Trinitario","Madagascar"
3.25,2011,0.72,"U.S.A.","","Dominican Republic"
3,2011,0.74,"U.S.A.","Trinitario","Madagascar"
3.25,2011,0.76,"U.S.A.","Trinitario","Venezuela"
4,2011,0.7,"U.S.A.","Trinitario","Venezuela"
2.75,2009,0.8,"U.S.A.","Trinitario","Jamaica"
3,2009,0.7,"U.S.A.","Trinitario","Jamaica"
3.25,2009,0.7,"U.S.A.","Trinitario","Jamaica"
3.5,2009,0.65,"U.S.A.","Criollo","Venezuela"
3.5,2016,0.7,"Denmark","","Nicaragua"
3,2015,0.6,"Denmark","","Nicaragua"
3.25,2015,0.85,"Denmark","","Nicaragua"
3.5,2014,0.7,"Denmark","","Nicaragua"
3.25,2013,0.7,"Denmark","","Nicaragua"
3.5,2013,0.7,"Denmark","","Nicaragua"
3.25,2012,0.7,"Denmark","Criollo, Trinitario","Nicaragua"
3.25,2012,0.7,"Denmark","Criollo, Trinitario","Honduras"
3.25,2012,0.7,"Denmark","Criollo, Trinitario","Nicaragua"
3.75,2012,0.7,"Denmark","","Nicaragua"
3.25,2011,0.7,"Denmark","Criollo, Trinitario","Nicaragua"
3.5,2011,0.7,"Denmark","Criollo, Trinitario","Nicaragua"
3.5,2011,0.7,"Denmark","Criollo, Trinitario","Nicaragua"
3.75,2016,0.74,"U.S.A.","Beniano","Bolivia"
4,2016,0.74,"U.S.A.","Amazon mix","Costa Rica"
3.75,2014,0.7,"U.S.A.","Trinitario","Trinidad"
3,2014,0.76,"U.S.A.","Forastero (Nacional)","Peru"
3.75,2013,0.7,"U.S.A.","","Dominican Republic"
3,2013,0.75,"U.S.A.","","Ecuador"
2.5,2012,0.7,"U.S.A.","","Peru"
3.25,2011,0.66,"U.S.A.","Trinitario","Costa Rica"
3,2011,0.7,"U.S.A.","","Costa Rica"
2.5,2014,0.85,"U.S.A.","Blend","Hawaii"
3.25,2015,0.65,"Germany","Trinitario","Madagascar"
4,2015,0.7,"Germany","Forastero","Ghana"
3.5,2015,0.7,"Germany","Trinitario","Domincan Republic"
3.5,2015,0.8,"Germany","Trinitario","Domincan Republic"
3.5,2015,0.75,"Germany","Trinitario","Madagascar"
3.5,2016,0.7,"U.S.A.","","Belize"
3,2015,0.66,"U.S.A.","Trinitario, Forastero","Brazil"
2.75,2016,0.77,"U.S.A.","","Mexico"
3.25,2016,0.77,"U.S.A.","","Nicaragua"
3.25,2016,0.77,"U.S.A.","","Guatemala"
3,2011,0.72,"Vietnam","Trinitario","Vietnam"
2.5,2006,0.7,"U.K.","",""
3.5,2016,0.7,"Japan","","Madagascar"
3.25,2010,0.82,"Grenada","Trinitario","Grenada"
2.75,2009,0.6,"Grenada","Trinitario","Grenada"
2.5,2008,0.71,"Grenada","Trinitario","Grenada"
3,2009,0.64,"Italy","Forastero (Arriba) ASS","Ecuador"
3,2009,0.64,"Italy","Forastero","Ghana"
3,2009,0.64,"Italy","","Trinidad, Tobago"
3,2009,0.76,"Italy","","Venezuela"
3.25,2009,0.64,"Italy","","Ven, Trinidad, Ecuador"
3.75,2015,0.7,"U.S.A.","",""
2.75,2013,0.65,"U.S.A.","","Haiti"
2.75,2013,0.65,"U.S.A.","","Nicaragua"
3.25,2013,0.65,"U.S.A.","Trinitario","Jamaica"
3.5,2013,0.65,"U.S.A.","","Ecuador"
2.75,2011,0.72,"U.S.A.","",""
3.25,2011,0.61,"U.S.A.","",""
3.25,2011,0.72,"U.S.A.","",""
3,2010,0.65,"U.S.A.","Trinitario","Trinidad"
3,2009,0.55,"U.S.A.","","Hawaii"
3,2009,0.91,"U.S.A.","",""
3.5,2009,0.7,"U.S.A.","Blend",""
3,2008,0.65,"U.S.A.","","Peru"
3,2008,0.64,"U.S.A.","",""
3.5,2008,0.65,"U.S.A.","","Venezuela"
3.5,2007,0.72,"U.S.A.","Blend",""
3,2006,0.65,"U.S.A.","Trinitario","Colombia"
2.5,2006,0.65,"U.S.A.","Trinitario, Criollo","Venezuela"
3.5,2006,0.65,"U.S.A.","Criollo, +","Madagascar"
3.5,2006,0.65,"U.S.A.","Forastero (Arriba)","Ecuador"
3.5,2006,0.61,"U.S.A.","Blend",""
3,2006,0.61,"U.S.A.","Blend",""
2.75,2014,0.8,"Canada","","Papua New Guinea"
2.75,2014,0.74,"Canada","",""
3.25,2014,0.75,"Canada","","Dominican Republic"
3.5,2014,0.7,"Canada","Trinitario",""
2.75,2014,0.65,"Canada","",""
3,2014,0.7,"Canada","",""
3,2014,0.8,"Canada","",""
3.25,2014,0.66,"Canada","","Hawaii"
2,2014,1,"Canada","",""
2.5,2007,0.77,"Germany","Forastero (Arriba)","Ecuador"
2.75,2014,0.55,"Ecuador","Trinitario","Ecuador"
3,2014,0.7,"Ecuador","Trinitario","Ecuador"
3,2011,0.7,"Australia","","South America, Africa"
3.25,2016,0.85,"U.S.A.","","Brazil"
3,2015,0.67,"U.S.A.","","Brazil"
3.5,2015,0.77,"U.S.A.","","Brazil"
3.5,2015,0.74,"U.S.A.","","Brazil"
2.75,2016,0.64,"Germany","","Peru"
3.25,2016,0.7,"U.S.A.","Amazon","Belize"
3.5,2016,0.74,"U.S.A.","Amazon mix","Costa Rica"
3.5,2014,0.67,"U.S.A.","Amazon, ICS","Bolivia"
3,2014,0.67,"U.S.A.","Beniano","Bolivia"
3.75,2014,0.67,"U.S.A.","EET","Ecuador"
3.75,2014,0.67,"U.S.A.","","Hawaii"
3.5,2016,0.72,"U.S.A.","","Hawaii"
3.5,2016,0.7,"U.S.A.","EET","Ecuador"
3.5,2016,0.77,"U.S.A.","EET","Ecuador"
3.75,2016,0.68,"U.S.A.","Amazon, ICS","Bolivia"
4,2016,0.72,"U.S.A.","Beniano","Bolivia"
2.75,2015,0.57,"U.S.A.","Forastero","Uganda"
3.5,2015,0.74,"U.S.A.","Criollo","Venezuela"
2.75,2015,0.7,"U.S.A.","","Tanzania"
3,2015,0.74,"U.S.A.","Trinitario","Madagascar"
3,2015,0.7,"U.S.A.","","Venezuela"
3.25,2015,0.73,"U.S.A.","","Ecuador"
3.25,2015,0.7,"U.S.A.","","Peru"
2.75,2016,0.7,"New Zealand","Trinitario","Madagascar"
2.75,2016,0.72,"New Zealand","Trinitario","Venezuela"
3.25,2016,0.75,"New Zealand","Trinitario","Domincan Republic"
3.5,2016,0.66,"New Zealand","Criollo","Peru"
2,2009,0.8,"Ecuador","Forastero (Arriba) ASS","Ecuador"
2.5,2009,0.8,"Ecuador","Forastero (Arriba) ASS","Ecuador"
3,2009,0.72,"Ecuador","Forastero (Arriba) ASS","Ecuador"
3.25,2009,0.58,"Ecuador","Forastero (Arriba) ASS","Ecuador"
3.5,2009,0.58,"Ecuador","Forastero (Arriba) ASS","Ecuador"
2.75,2016,0.7,"Israel","","Peru"
3.5,2015,0.7,"Israel","","Ecuador"
3.5,2015,0.7,"Israel","Trinitario","Madagascar"
3.5,2015,0.7,"Israel","Trinitario","Trinidad"
3.5,2015,0.7,"Israel","","Venezuela"
2.5,2009,0.7,"Israel","","Ivory Coast"
2.75,2009,0.7,"Israel","","Dominican Republic"
3.5,2009,0.7,"Israel","","Peru"
3.75,2009,0.75,"Israel","","Dominican Republic"
2.5,2014,0.72,"South Africa","","Ecuador"
2.75,2015,0.7,"U.K.","","St. Lucia"
4,2013,0.7,"U.K.","Trinitario","St. Lucia"
1.75,2013,1,"U.K.","Trinitario","St. Lucia"
3,2013,0.75,"U.K.","Trinitario","Trinidad"
3.5,2013,0.8,"U.K.","Trinitario","Vietnam"
3,2013,0.9,"U.K.","Forastero (Nacional)","Ecuador"
3,2013,0.72,"U.K.","Trinitario","Madagascar"
3.5,2013,0.82,"U.K.","Forastero (Nacional)","Ecuador"
2.75,2013,1,"U.K.","","Peru"
2.5,2013,1,"U.K.","Forastero (Nacional)","Ecuador"
2.75,2013,1,"U.K.","","Dominican Republic"
3.5,2012,0.66,"U.K.","Trinitario, Criollo","Madagascar"
3,2011,0.8,"U.K.","Forastero (Nacional)","Ecuador"
3,2011,0.65,"U.K.","Trinitario","St. Lucia"
3.25,2011,0.65,"U.K.","Trinitario","St. Lucia"
2.75,2010,0.7,"U.K.","","Ecuador"
3,2010,0.7,"U.K.","","Dominican Republic"
2.75,2010,0.7,"U.K.","Trinitario","Venezuela"
3,2008,0.72,"U.K.","","St. Lucia"
2.5,2008,0.8,"U.K.","Forastero","Uganda"
2.75,2008,0.75,"U.K.","","Tanzania"
3,2008,0.72,"U.K.","Forastero","Sao Tome"
3.5,2015,0.7,"Canada","Trinitario","Vietnam"
3,2014,0.7,"Canada","Criollo, Trinitario","Bolivia"
3,2014,0.7,"Canada","Criollo, Trinitario","Bolivia"
3,2014,0.7,"Canada","Trinitario","Nicaragua"
3.75,2014,0.7,"Canada","Trinitario","Dominican Republic"
3.5,2014,0.7,"Canada","","Dominican Republic"
3.25,2013,0.7,"Canada","Trinitario, Criollo","Venezuela"
3.75,2013,0.7,"Canada","Forastero","Venezuela"
3.75,2013,0.72,"Switzerland","Trinitario","Venezuela"
3.75,2011,0.72,"Switzerland","Criollo","Venezuela"
3.75,2011,0.72,"Switzerland","","Venezuela"
3.25,2011,0.72,"Switzerland","Criollo","Venezuela"
3.75,2011,0.72,"Switzerland","Criollo","Venezuela"
4,2011,0.74,"Switzerland","Criollo","Venezuela"
3.5,2011,0.72,"Switzerland","Criollo","Venezuela"
4,2011,0.7,"Switzerland","Trinitario","Venezuela"
4,2011,0.72,"Switzerland","Criollo","Venezuela"
4,2011,0.72,"Switzerland","","Venezuela"
2.5,2016,0.61,"India","","India"
3.25,2012,0.7,"U.S.A.","","Dominican Republic"
2.75,2012,0.7,"U.S.A.","","Dominican Republic"
3,2014,0.77,"U.S.A.","","Honduras"
2.75,2012,0.72,"Scotland","Criollo","Peru"
3,2012,0.72,"Scotland","","Peru"
3.5,2014,0.72,"U.S.A.","Trinitario","Madagascar"
2.25,2014,0.72,"U.S.A.","","Peru"
3.25,2014,0.72,"U.S.A.","Trinitario","Belize"
3.25,2014,0.72,"U.S.A.","","Dominican Republic"
3.5,2015,0.7,"U.S.A.","Trinitario","Belize"
2.75,2015,0.7,"U.S.A.","","Dominican Republic"
2,2006,0.71,"U.S.A.","Trinitario","Ghana"
2.75,2015,0.63,"Czech Republic","Trinitario","Madagascar"
3.5,2014,0.7,"U.S.A.","Trinitario","Belize"
3.5,2014,0.7,"U.S.A.","Trinitario","Madagascar"
4,2014,0.7,"U.S.A.","","Peru"
3.5,2013,0.7,"Domincan Republic","","Dominican Republic"
3,2013,0.82,"Domincan Republic","","Dominican Republic"
3.25,2013,0.55,"Domincan Republic","","Dominican Republic"
3.25,2013,0.62,"Domincan Republic","","Dominican Republic"
2.5,2012,0.64,"Germany","","Peru"
3.75,2009,0.65,"Germany","Trinitario","Vanuatu"
3,2008,0.7,"Ecuador","","Ecuador"
3.5,2008,0.7,"Ecuador","","Ecuador"
2.75,2008,0.75,"Ecuador","","Ecuador"
2.5,2008,0.85,"Ecuador","","Ecuador"
2.75,2008,0.85,"Ecuador","","Ecuador"
3,2008,0.85,"Ecuador","","Ecuador"
2.5,2008,0.75,"Ecuador","","Ecuador"
3,2008,0.85,"Ecuador","","Ecuador"
2.75,2009,0.7,"France","",""
2.75,2009,0.8,"France","","Ecuador"
3.75,2013,0.7,"U.S.A.","","Dominican Republic"
2,2009,0.72,"Mexico","","Mexico"
3,2014,0.6,"U.S.A.","Trinitario","Dominican Republic"
2.5,2014,0.72,"U.S.A.","","Peru"
2.75,2014,0.72,"U.S.A.","","Venezuela"
3,2014,0.72,"U.S.A.","Trinitario","Belize"
3.25,2014,0.72,"U.S.A.","Trinitario","Madagascar"
3.25,2014,0.9,"U.S.A.","Trinitario","Belize"
3.25,2014,0.72,"U.S.A.","","Dominican Republic"
3.25,2014,0.72,"U.S.A.","","Dominican Republic"
3.25,2016,0.7,"U.S.A.","","Haiti"
2.75,2016,0.7,"U.S.A.","Forastero (Nacional)","Peru"
3.75,2016,0.7,"U.S.A.","","Ecuador"
3.75,2016,0.7,"U.S.A.","Forastero","Brazil"
2.5,2014,0.725,"U.S.A.","Forastero","Uganda"
3,2014,0.725,"U.S.A.","","Dominican Republic"
2.5,2014,0.725,"U.S.A.","","Ecuador"
3,2014,0.725,"U.S.A.","Trinitario","Madagascar"
3.25,2012,0.74,"U.S.A.","","Peru"
4,2012,0.7,"U.S.A.","","Brazil"
3.75,2012,0.68,"U.S.A.","Trinitario","Venezuela"
3.75,2011,0.74,"U.S.A.","","Ecuador"
3.25,2010,0.75,"U.S.A.","Trinitario","Grenada"
3.75,2010,0.74,"U.S.A.","","Dominican Republic"
3,2010,0.71,"U.S.A.","","Venezuela"
3.5,2009,0.64,"U.S.A.","Trinitario","Madagascar"
3,2009,0.68,"U.S.A.","","Bolivia"
2.25,2016,0.7,"Japan","Trinitario, Criollo","Peru"
2.5,2016,0.7,"Japan","Trinitario, Criollo","Peru"
3,2016,0.7,"Japan","Criollo","Peru"
3,2016,0.7,"Japan","Trinitario, Criollo","Belize"
2.75,2013,0.74,"France","","Africa, Carribean, C. Am."
3.25,2013,0.6,"France","","Tobago"
3.25,2013,0.56,"France","","Ecuador"
3.5,2012,0.66,"France","","Dominican Republic"
3.5,2011,0.68,"France","Trinitario","Grenada"
3.25,2009,0.68,"France","Forastero","Ghana"
3.5,2009,0.69,"France","Criollo (Porcelana)","Venezuela"
3,2009,0.6,"France","",""
3.75,2009,0.6,"France","",""
3.5,2008,0.74,"France","Blend","Ven., Indonesia, Ecuad."
2.5,2011,0.72,"Peru","","Peru"
3.25,2011,0.6,"Ecuador","","Ecuador"
2.75,2015,0.75,"France","Trinitario","Madagascar"
2.75,2015,0.75,"France","Trinitario","Vietnam"
3,2015,0.75,"France","","Cuba"
3.25,2015,0.75,"France","","Peru"
3,2015,0.75,"France","","Ivory Coast"
3.5,2015,0.75,"France","Forastero","Sao Tome"
3.25,2015,0.75,"France","","Brazil"
3.75,2015,0.75,"France","Trinitario","Vietnam"
2.75,2014,0.7,"France","","Cuba"
2.75,2014,0.68,"France","","Trinidad-Tobago"
3.5,2012,0.7,"Brazil","Forastero (Catongo)","Brazil"
2.5,2009,0.75,"U.S.A.","","Tanzania"
3.5,2016,0.8,"U.S.A.","Trinitario","Nicaragua"
3,2012,0.75,"U.S.A.","Trinitario","Venezuela"
3,2012,0.75,"U.S.A.","Trinitario","Venezuela"
3,2012,0.72,"U.S.A.","Criollo","Peru, Ecuador, Venezuela"
3.5,2017,0.7,"U.S.A.","","Honduras"
3.25,2017,0.7,"U.S.A.","","Belize"
3.25,2016,0.7,"U.S.A.","","Liberia"
3.25,2015,0.7,"U.S.A.","","Bolivia"
3.5,2015,0.7,"U.S.A.","Trinitario","Trinidad"
3,2015,0.7,"U.S.A.","","Costa Rica"
3.25,2015,0.7,"U.S.A.","","Domincan Republic"
3.5,2015,0.7,"U.S.A.","","Tanzania"
3.5,2014,0.7,"U.S.A.","Forastero (Nacional)","Peru"
3.5,2014,0.71,"Finland","Criollo","Madagascar"
3,2016,0.7,"Finland","Trinitario","Madagascar"
3.5,2012,0.65,"U.S.A.","Criollo","Peru"
3.5,2012,0.68,"U.S.A.","Criollo","Bolivia"
3.75,2012,0.68,"U.S.A.","","Peru"
2.75,2012,0.75,"U.S.A.","","Venezuela, Dom. Rep."
3,2012,0.74,"U.S.A.","","Dominican Republic"
3.5,2012,0.68,"U.S.A.","Criollo","Bolivia"
3,2007,0.85,"Switzerland","",""
2.5,2013,0.65,"Puerto Rico","","Puerto Rico"
3.75,2014,0.7,"U.S.A.","","Hawaii"
3.25,2014,0.65,"U.S.A.","","Hawaii"
3.75,2014,0.75,"U.S.A.","","Hawaii"
3,2013,0.71,"U.S.A.","","Hawaii"
3,2013,0.72,"U.S.A.","","Hawaii"
3.5,2013,0.7,"U.S.A.","","Hawaii"
2,2015,0.75,"U.S.A.","","Nicaragua"
2.75,2010,0.46,"Colombia","","Colombia, Ecuador"
3,2010,0.6,"Colombia","","Colombia, Ecuador"
3,2010,0.58,"Colombia","","Colombia, Ecuador"
3.5,2010,0.65,"Colombia","","Colombia"
1.5,2011,0.7,"Peru","","Peru"
2.25,2010,0.55,"Peru","","Peru"
3.5,2008,0.67,"Madagascar","Trinitario","Madagascar"
3.75,2008,0.7,"Madagascar","Trinitario","Madagascar"
4,2008,0.63,"Madagascar","Trinitario","Madagascar"
3.5,2008,0.75,"Madagascar","Trinitario","Madagascar"
3.5,2017,0.73,"U.S.A.","","Solomon Islands"
2.75,2013,0.7,"U.S.A.","","Puerto Rico"
3.5,2013,0.7,"U.S.A.","","Brazil"
2.75,2013,0.7,"U.S.A.","","Hawaii"
2.75,2013,0.7,"U.S.A.","","Mexico"
3.25,2012,0.7,"U.S.A.","","Hawaii"
3.25,2012,0.7,"U.S.A.","Criollo","Hawaii"
3.5,2012,0.7,"U.S.A.","","Hawaii"
2.5,2011,0.7,"U.S.A.","","Dominican Republic"
2.75,2011,0.7,"U.S.A.","","Costa Rica"
2.75,2010,0.72,"U.S.A.","","Mexico"
2,2008,0.75,"Italy","","Tanzania"
3,2008,0.7,"Italy","Forastero (Nacional)","Ecuador"
3.25,2008,0.7,"Italy","Criollo","Cuba"
3.75,2008,0.7,"Italy","Blend-Forastero,Criollo","Dominican Republic"
2,2010,0.7,"Italy","","Ecuador"
2.75,2007,0.75,"Madagascar","Trinitario","Madagascar"
3.5,2007,0.73,"Madagascar","Trinitario","Madagascar"
3.5,2013,0.65,"Philippines","Trinitario","Philippines"
3.5,2010,0.55,"U.S.A.","","Hawaii"
2.75,2009,0.55,"U.S.A.","Blend","Hawaii"
3,2016,0.7,"Sweden","","Venezuela"
2.5,2015,0.74,"U.S.A.","","Ecuador"
2.5,2014,0.74,"U.S.A.","","Peru"
2.75,2014,0.74,"U.S.A.","","Venezuela"
3.75,2012,0.74,"U.S.A.","","Dominican Republic"
2.75,2014,0.7,"Colombia","","Colombia"
3.5,2015,0.72,"U.S.A.","","Papua New Guinea"
3.75,2015,0.72,"U.S.A.","","Costa Rica"
3.75,2013,0.72,"U.S.A.","","Hawaii"
3.25,2012,0.72,"U.S.A.","","Liberia"
2.75,2012,0.72,"U.S.A.","","Hawaii"
3,2012,0.72,"U.S.A.","","Peru"
3.25,2012,0.72,"U.S.A.","","Hawaii"
3.75,2016,0.7,"Poland","","Nicaragua"
3.5,2016,0.7,"Poland","","Peru"
3.75,2014,0.7,"Poland","Criollo","Venezuela"
3.5,2014,0.85,"Poland","","Colombia"
3.25,2012,0.7,"Poland","","Dominican Republic"
3.5,2012,0.7,"Poland","Forastero","Ghana"
3.25,2012,0.7,"Poland","","Ecuador"
3.25,2016,0.75,"U.S.A.","Trinitario","Vietnam"
3.5,2015,0.7,"U.S.A.","Criollo, Trinitario","Dominican Republic"
3.5,2015,0.62,"U.S.A.","Forastero (Nacional)","Peru"
3.5,2015,0.7,"U.S.A.","Trinitario","Ecuador"
2.75,2015,0.7,"U.S.A.","Trinitario","Trinidad"
3.5,2015,0.7,"U.S.A.","","Nicaragua"
3.5,2015,0.68,"U.S.A.","Criollo","Peru"
2.75,2015,0.75,"U.S.A.","","Colombia"
3,2015,0.72,"U.S.A.","","Tanzania"
3.5,2015,0.78,"U.S.A.","","Honduras"
3,2016,0.7,"Peru","","Peru"
2.75,2016,0.7,"Peru","","Peru"
3,2016,0.7,"Peru","","Peru"
3.25,2016,0.75,"Canada","",""
3.25,2015,0.85,"Vietnam","Trinitario","Vietnam"
3.5,2015,0.68,"Vietnam","Trinitario","Vietnam"
3.75,2015,0.7,"Vietnam","Trinitario","Vietnam"
3.5,2013,0.75,"Vietnam","Trinitario","Vietnam"
3.5,2012,0.76,"Vietnam","Trinitario","Vietnam"
3.5,2012,0.72,"Vietnam","Trinitario","Vietnam"
3.5,2012,0.7,"Vietnam","Trinitario","Vietnam"
3.5,2012,0.78,"Vietnam","Trinitario","Vietnam"
3,2012,0.8,"Vietnam","Trinitario","Vietnam"
3.5,2012,0.74,"Vietnam","Trinitario","Vietnam"
3,2010,0.65,"U.S.A.","","Costa Rica"
3,2010,0.65,"U.S.A.","","Ivory Coast"
3.25,2010,0.65,"U.S.A.","","Nigeria"
3.5,2010,0.65,"U.S.A.","Forastero","Ghana"
2.25,2013,0.74,"U.S.A.","","Dominican Republic"
2.5,2013,0.89,"U.S.A.","","Dominican Republic"
2.75,2016,0.76,"Austria","","Bolivia"
3,2016,0.82,"Austria","","Haiti"
3.25,2016,0.74,"Austria","","Colombia"
3,2015,0.76,"U.S.A.","","Guatemala"
3.25,2015,0.74,"U.S.A.","","Tanzania"
3.75,2014,0.75,"U.S.A.","Blend","Peru, Belize"
3.5,2012,0.73,"U.S.A.","Blend","Peru, Mad., Dom. Rep."
2.5,2012,0.72,"U.S.A.","Trinitario",""
2.75,2012,0.73,"U.S.A.","Trinitario","Venezuela"
3.5,2011,0.72,"U.S.A.","",""
3,2011,0.76,"U.S.A.","Trinitario","Venezuela"
3,2011,0.7,"U.S.A.","Trinitario","Venezuela"
2.75,2011,0.81,"U.S.A.","Trinitario","Venezuela"
3.5,2011,0.7,"U.S.A.","Trinitario","Belize"
2.75,2011,0.71,"U.S.A.","","Papua New Guinea"
3,2011,0.75,"U.S.A.","","Peru"
3.25,2011,0.73,"U.S.A.","","Dominican Republic"
3.75,2011,0.74,"U.S.A.","","Dominican Republic"
2.75,2010,0.81,"U.S.A.","Criollo","Venezuela"
3,2010,0.75,"U.S.A.","","Venezuela"
3.25,2010,0.7,"U.S.A.","","Dominican Republic"
3.5,2013,0.72,"Australia","Trinitario","Vanuatu"
4,2013,0.68,"Australia","Trinitario","Madagascar"
4,2013,0.74,"Australia","Trinitario","Papua New Guinea"
3.75,2013,0.7,"Australia","Trinitario","PNG, Vanuatu, Mad"
3.25,2014,0.7,"U.S.A.","Trinitario","Belize"
3.25,2014,0.7,"U.S.A.","","Dominican Republic"
3.25,2014,0.82,"U.S.A.","Criollo","Peru"
3.5,2014,0.63,"U.S.A.","Criollo","Peru"
3,2016,0.72,"U.S.A.","","Domincan Republic"
2.5,2014,0.7,"U.S.A.","","Bolivia"
2.75,2014,0.7,"U.S.A.","","Venezuela"
3,2014,0.7,"U.S.A.","Trinitario","Belize"
3,2014,0.7,"U.S.A.","","Nicaragua"
3.5,2014,0.7,"U.S.A.","","Dominican Republic"
2.5,2012,0.8,"Madagascar","Trinitario","Madagascar"
2.5,2012,0.72,"Madagascar","Trinitario","Madagascar"
2.75,2015,0.8,"Honduras","","El Salvador"
3,2015,0.7,"Honduras","","El Salvador"
3.25,2014,0.8,"Honduras","","Honduras"
3.5,2014,0.7,"Honduras","","Honduras"
3.25,2014,0.7,"Honduras","","Nicaragua"
3.5,2014,0.8,"Honduras","","Nicaragua"
3,2014,0.7,"Sweden","","Brazil"
3.5,2014,0.72,"Sweden","Trinitario","Madagascar"
3.5,2015,0.7,"Amsterdam","Trinitario","South America"
3.75,2012,0.66,"France","","Mexico"
3.5,2007,0.66,"France","Trinitario","Venezuela"
3.5,2007,0.67,"France","Forastero","Sao Tome"
2,2006,0.6,"France","",""
2,2006,0.85,"France","",""
3,2006,0.7,"France","Forastero","Sao Tome"
4,2006,0.67,"France","","Dominican Republic"
4,2006,0.65,"France","Trinitario","Madagascar"
4,2006,0.64,"France","","Papua New Guinea"
2,2006,0.99,"France","",""
3.5,2015,0.8,"U.S.A.","Trinitario","Belize"
3.5,2015,0.7,"U.S.A.","Trinitario","Trinidad"
3.75,2015,0.75,"U.S.A.","","Dominican Republic"
3.75,2015,0.75,"U.S.A.","","Venezuela"
3.25,2015,0.75,"U.S.A.","","Tanzania"
3.5,2015,0.7,"U.S.A.","","Nicaragua"
2.5,2013,0.75,"U.S.A.","","Dominican Republic"
3.25,2013,0.8,"U.S.A.","Trinitario","Belize"
1.5,2012,0.65,"U.S.A.","",""
2,2012,0.75,"U.S.A.","Criollo","Bolivia"
2.5,2012,0.7,"U.S.A.","Criollo","Indonesia"
2.5,2013,0.7,"U.S.A.","Forastero (Nacional)","Ecuador"
3.5,2012,0.7,"U.S.A.","","Ecuador"
2.75,2010,0.67,"U.S.A.","","Ecuador"
2.75,2010,0.77,"U.S.A.","","Ecuador"
3.5,2016,0.7,"Japan","Criollo, Trinitario","Haiti"
3.75,2016,0.75,"Brazil","","Brazil"
3.5,2015,0.7,"Brazil","Forastero (Parazinho)","Brazil"
2.5,2012,0.65,"Colombia","","Colombia"
3.25,2013,0.73,"U.S.A.","Trinitario","Belize"
3,2013,0.72,"U.S.A.","Trinitario","Belize"
2.75,2010,0.67,"U.S.A.","Trinitario","Belize"
3,2015,0.7,"U.S.A.","","Domincan Republic"
2.75,2015,0.7,"U.S.A.","","Indonesia"
3.25,2015,0.7,"U.S.A.","","Peru"
2.75,2011,0.7,"Nicaragua","","Nicaragua"
2.75,2011,0.7,"Nicaragua","","Nicaragua"
3.25,2011,0.7,"Nicaragua","","Nicaragua"
3.5,2016,0.72,"Canada","","Dominican Republic"
3.25,2014,0.7,"Australia","","Papua New Guinea"
3.25,2015,0.7,"Ecuador","","Ecuador"
3.5,2015,0.63,"Ecuador","","Ecuador"
3.5,2015,0.85,"Ecuador","","Ecuador"
3.5,2015,0.7,"U.S.A.","","Nicaragua"
3.5,2015,0.8,"U.S.A.","","Nicaragua"
2.75,2016,0.68,"U.S.A.","","Tanzania"
2.75,2016,0.71,"U.S.A.","","Domincan Republic"
2.75,2016,0.68,"U.S.A.","","Madagascar"
3,2016,0.8,"U.S.A.","Trinitario","Vietnam"
2.5,2013,0.58,"Costa Rica","","Costa Rica"
3,2013,0.7,"Costa Rica","","Costa Rica"
3.75,2013,0.7,"Lithuania","","Trinidad, Tobago"
3.75,2013,0.78,"Lithuania","Forastero (Nacional)","Peru"
2.5,2012,0.71,"Lithuania","Trinitario","Grenada"
3.25,2014,0.7,"Lithuania","Criollo","Nicaragua"
2.75,2014,0.75,"Lithuania","Trinitario","Venezuela"
3,2014,0.7,"Lithuania","","Venezuela"
3.5,2013,0.85,"U.S.A.","","Hawaii"
2.25,2014,0.72,"U.S.A.","","Peru"
2.5,2014,0.7,"U.S.A.","","Dominican Republic"
2.5,2014,0.735,"U.S.A.","Trinitario","Madagascar"
3.5,2014,0.7,"U.S.A.","Forastero","Ghana"
2.5,2010,0.7,"Belgium","Criollo","Papua New Guinea"
3.75,2008,0.67,"Belgium","Trinitario","Trinidad"
1,2007,0.73,"Belgium","",""
2,2006,0.73,"Belgium","Forastero","West Africa"
2.75,2006,0.75,"Belgium","Forastero","Sao Tome"
3,2006,0.71,"Belgium","Criollo","Venezuela"
2.25,2015,0.72,"U.S.A.","Criollo","Venezuela"
2.75,2015,0.72,"U.S.A.","Trinitario","Dominican Republic"
3,2015,0.72,"U.S.A.","Trinitario","Madagascar"
3,2015,0.72,"U.S.A.","Criollo","Peru"
2.75,2013,0.75,"U.S.A.","","Peru"
3.5,2013,0.75,"U.S.A.","","Ecuador"
3,2014,0.75,"U.S.A.","Forastero","Ghana"
3,2014,0.75,"U.S.A.","Trinitario","Belize"
3.25,2014,0.75,"U.S.A.","Forastero (Nacional)","Peru"
3,2012,0.7,"U.S.A.","","Venezuela"
3,2012,0.7,"U.S.A.","","Ecuador"
3,2012,0.7,"Nicaragua","","Nicaragua"
2.75,2012,0.75,"Niacragua","","Nicaragua"
3.25,2012,0.8,"Nicaragua","Forastero (Nacional)","Ecuador"
3.75,2015,0.7,"U.S.A.","Forastero","Ghana"
2.75,2015,0.7,"U.S.A.","Trinitario","Ecuador"
3,2015,0.7,"U.S.A.","Criollo","Venezuela"
3.5,2015,0.7,"U.S.A.","Trinitario","Madagascar"
3.75,2015,0.7,"U.S.A.","","Dominican Republic"
3.5,2016,0.7,"Brazil","Trinitario (Scavina)","Brazil"
2.5,2010,0.7,"U.S.A.","Trinitario","Jamaica"
3.75,2015,0.7,"Chile","Criollo","Peru"
3.75,2015,0.7,"Chile","Criollo","Peru"
3.75,2015,0.7,"Scotland","Forastero","Congo"
4,2015,0.75,"Scotland","Criollo","Peru"
2.75,2016,1,"New Zealand","","Samoa"
3.5,2016,0.7,"New Zealand","","Samoa"
2.75,2014,0.66,"New Zealand","","Papua New Guinea"
3,2014,0.7,"New Zealand","","Papua New Guinea"
3.25,2014,0.88,"New Zealand","","Papua New Guinea"
3.5,2014,0.74,"New Zealand","","Papua New Guinea"
2.75,2015,0.7,"U.S.A.","Trinitario","Trinidad"
3,2015,0.7,"U.S.A.","","Tanzania"
3.5,2011,0.7,"Germany","Criollo","Bolivia"
3,2010,0.72,"U.S.A.","","Dominican Republic"
3,2010,0.72,"U.S.A.","Forastero","Ghana"
2.75,2009,0.67,"U.S.A.","","Ghana, Domin. Rep"
3,2009,0.75,"U.S.A.","","Ghana, Domin. Rep"
2,2011,0.76,"Canada","","Carribean"
2.75,2011,0.76,"Canada","","Carribean"
2.75,2011,0.85,"Canada","","Carribean"
3,2011,0.85,"Canada","","Carribean"
2.75,2011,0.8,"Ghana","Forastero","Ghana"
3.75,2016,0.7,"Iceland","Trinitario","Tanzania"
3,2014,0.7,"Iceland","","Papua New Guinea"
3.5,2014,0.66,"Iceland","Trinitario","Madagascar"
2.75,2013,0.74,"Canada","Trinitario","Belize"
2.75,2013,0.72,"Canada","","Dominican Republic"
2.75,2013,0.72,"Canada","Trinitario","Nicaragua"
3,2013,0.72,"Canada","","Dominican Republic"
3,2013,0.72,"Canada","Trinitario","Ecuador"
2.75,2014,0.68,"Switzerland","","Papua New Guinea"
3.25,2014,0.8,"Switzerland","Blend",""
3.75,2011,0.66,"Switzerland","","Bolivia"
3,2009,0.7,"Switzerland","Forastero","Congo"
3,2009,0.75,"Switzerland","Criollo","Peru"
3.25,2009,0.68,"Switzerland","","Bolivia"
3,2009,0.6,"U.S.A.","Criollo","Hawaii"
3,2006,0.6,"U.S.A.","","Hawaii"
3,2012,0.65,"Peru","","Peru"
3,2012,0.72,"Peru","","Peru"
4,2016,0.7,"Ecuador","","Colombia"
3.25,2014,0.7,"Ecuador","","Ecuador"
3.5,2014,0.7,"Ecuador","","Ecuador"
3.75,2014,0.7,"Ecuador","","Ecuador"
4,2014,0.7,"Ecuador","","Ecuador"
2.75,2012,0.85,"Ecuador","","Ecuador"
4,2012,0.7,"Ecuador","","Peru"
3.5,2011,0.7,"Ecuador","","Ecuador"
2.5,2008,0.6,"Ecuador","Forastero (Arriba)","Ecuador"
2.75,2008,0.65,"Ecuador","Forastero (Arriba)","Ecuador"
3,2008,0.72,"Ecuador","Forastero (Arriba)","Ecuador"
2,2008,1,"Ecuador","Forastero (Arriba)","Ecuador"
3.5,2008,0.7,"Ecuador","Forastero (Arriba)","Ecuador"
2.75,2016,0.7,"Canada","","Guatemala"
3,2016,0.72,"Canada","Trinitario","Belize"
3.25,2015,0.7,"Canada","","Bolivia"
3.25,2015,0.7,"Canada","Trinitario","Trinidad"
3.5,2015,0.72,"Canada","","Tanzania"
3.75,2015,0.72,"Canada","Trinitario","Vietnam"
2.75,2014,0.72,"Canada","","Bolivia"
3.75,2014,0.78,"Canada","Trinitario","Madagascar"
2.75,2014,0.75,"Canada","","Ecuador"
3.5,2014,0.75,"Canada","Blend","Trinidad, Ecuador"
3.75,2014,0.7,"Canada","Trinitario","Trinidad"
3,2016,0.76,"Spain","","Fiji"
3.5,2014,0.65,"U.S.A.","","South America"
3.25,2016,0.7,"U.S.A.","","Tanzania"
3.5,2015,0.7,"U.S.A.","","Guatemala"
3,2014,0.7,"U.S.A.","","Bolivia"
3.5,2014,0.7,"U.S.A.","","Dominican Republic"
2.5,2013,0.55,"Peru","","Peru"
2.75,2013,0.7,"Peru","","Peru"
3.75,2011,0.7,"U.S.A.","Blend",""
4,2009,0.75,"U.S.A.","Trinitario","Madagascar"
3.5,2009,0.67,"U.S.A.","Trinitario","Madagascar"
3.5,2009,0.7,"U.S.A.","Trinitario","Venezuela"
4,2007,0.7,"U.S.A.","Trinitario","Madagascar"
4,2013,0.67,"U.S.A.","","Peru"
2.25,2014,0.73,"U.K.","Trinitario","Madagascar"
2.75,2014,0.64,"U.K.","Trinitario","Madagascar"
3,2015,0.82,"U.S.A.","","Dominican Republic"
3.25,2015,0.7,"Belgium","Forastero","Cameroon"
3,2010,0.75,"Belgium","Criollo","Venezuela"
3.25,2010,0.75,"Belgium","Trinitario","Trinidad"
3.75,2010,0.78,"Belgium","Criollo, Forastero","Cuba"
3,2010,0.85,"Belgium","Criollo","Peru"
3,2009,0.72,"Belgium","Forastero","Brazil"
3,2009,0.72,"Belgium","Criollo","Mexico"
4,2007,0.7,"Belgium","Blend","Venezuela, Java"
3.75,2007,0.72,"Belgium","Forastero (Nacional)","Ecuador"
4,2007,0.72,"Belgium","Trinitario","Madagascar"
3.5,2007,0.85,"Belgium","Blend","Venezuela/ Ghana"
4,2006,0.72,"Belgium","Criollo","Mexico"
3,2006,0.72,"Belgium","Criollo","Indonesia"
4,2006,0.72,"Belgium","Criollo","Venezuela"
2.5,2016,0.8,"U.S.A.","","Honduras"
2.5,2015,0.62,"U.S.A.","","Nicaragua"
2.75,2015,0.8,"U.S.A.","","Nicaragua"
2.75,2015,0.8,"U.S.A.","Criollo, Trinitario","Nicaragua"
2.75,2015,0.8,"U.S.A.","Trinitario","Nicaragua"
3.25,2015,0.8,"U.S.A.","","Nicaragua"
3.25,2014,0.73,"U.S.A.","Trinitario","Madagascar"
2.5,2014,0.73,"U.S.A.","Trinitario","Fiji"
3.25,2014,0.73,"U.S.A.","","Ecuador"
3.5,2014,0.73,"U.S.A.","","Ecuador"
2.5,2012,0.76,"U.S.A.","","Dominican Republic"
2.75,2012,0.82,"U.S.A.","Criollo","Peru"
3.75,2016,0.7,"U.S.A.","","Domincan Republic"
3.75,2014,0.7,"U.S.A.","","Venezuela"
3.5,2011,0.7,"U.S.A.","Matina","Costa Rica"
3,2011,0.7,"U.S.A.","Matina","Costa Rica"
2.75,2011,0.7,"U.S.A.","","Peru"
3.5,2011,0.7,"U.S.A.","","Brazil"
3.75,2010,0.82,"U.S.A.","Matina","Costa Rica"
3.25,2015,0.75,"France","","Peru"
3.25,2011,0.75,"France","Criollo (Porcelana)","Venezuela"
3.5,2010,0.75,"France","Trinitario","Venezuela"
2,2009,0.75,"France","","Venezuela"
3,2008,0.75,"France","Trinitario","Papua New Guinea"
3,2008,1,"France","Criollo","Madagascar"
2,2008,0.75,"France","","Dominican Republic"
3.5,2008,0.75,"France","","Brazil"
4,2007,0.75,"France","Forastero","Sao Tome"
3,2006,0.75,"France","Forastero","Brazil"
3.5,2006,0.75,"France","Criollo","Tanzania"
3.5,2006,0.75,"France","Forastero","Sao Tome & Principe"
3.5,2006,0.75,"France","Trinitario","Trinidad"
3.75,2006,0.75,"France","Criollo","Madagascar"
3.5,2006,0.75,"France","Criollo","Indonesia"
3.5,2006,0.75,"France","Trinitario","Venezuela"
4,2006,0.75,"France","Trinitario","Jamaica"
3,2006,0.75,"France","Trinitario","Ecuador"
3,2006,0.75,"France","Trinitario","Vanuatu"
3.25,2006,0.75,"France","Forastero","Ghana"
3.5,2006,0.75,"France","Trinitario","Colombia"
4,2006,0.8,"France","Criollo, Trinitario","Ecuador"
3,2006,0.75,"France","Trinitario","Cuba"
3,2006,0.75,"France","Trinitario, Forastero","Venezuela, Ghana"
3.5,2006,0.75,"France","Criollo, Forastero","Indonesia, Ghana"
3.5,2016,0.77,"U.K.","","Ecuador"
3.5,2015,0.7,"U.K.","Trinitario","Grenada"
3.5,2015,0.74,"U.K.","Criollo","Madagascar"
2.75,2015,0.8,"U.K.","","Honduras"
2.75,2014,0.75,"U.K.","Trinitario","Venezuela"
3,2014,0.75,"U.K.","Forastero (Nacional)","Ecuador"
3.25,2014,0.72,"U.K.","Trinitario","Madagascar"
2.75,2014,0.85,"U.K.","Forastero (Nacional)","Ecuador"
2.75,2012,0.73,"Italy","","Venezuela"
3.25,2013,0.75,"Brazil","","Brazil"
3.5,2013,0.85,"Brazil","","Brazil"
2.75,2013,0.55,"Brazil","","Brazil"
3.25,2013,0.8,"Brazil","","Brazil"
3,2012,0.6,"Brazil","","Brazil"
3.25,2012,0.65,"Brazil","","Brazil"
2.75,2016,0.7,"Mexico","Criollo","Mexico"
3,2016,0.74,"Mexico","Trinitario","Mexico"
3,2016,0.7,"U.S.A.","","Peru(SMartin,Pangoa,nacional)"
2.75,2015,0.75,"U.S.A.","Forastero","Congo"
3.25,2012,0.75,"U.S.A.","Trinitario","Madagascar"
3.5,2011,0.85,"U.S.A.","","Dominican Republic"
2.75,2010,0.7,"Guatemala","","Guatemala"
3,2010,0.75,"Eucador","Forastero(Arriba, CCN)","Ecuador"
2.5,2015,0.7,"U.S.A.","","Peru"
3.25,2015,0.8,"U.S.A.","","Peru"
3.5,2015,0.73,"U.S.A.","Criollo","Peru"
3.25,2016,0.75,"France","Criollo","Peru"
2.5,2012,0.7,"Poland","Criollo",""
3.25,2010,0.75,"Ecuador","","Ecuador"
2.5,2009,0.75,"Ecuador","Forastero (Arriba)","Ecuador"
3,2007,0.75,"Ecuador","Forastero (Arriba)","Ecuador"
3.5,2007,0.67,"Ecuador","Forastero (Arriba)","Ecuador"
3.75,2007,0.75,"Ecuador","Forastero (Arriba)","Ecuador"
3.75,2016,0.75,"U.S.A.","","Ecuador"
3.5,2015,0.85,"U.S.A.","","Ecuador"
3.5,2015,0.7,"U.S.A.","Blend",""
3.75,2013,0.75,"U.S.A.","Trinitario","Belize"
3,2013,0.75,"U.S.A.","Forastero (Nacional)","Peru"
4,2012,0.75,"U.S.A.","Trinitario","Madagascar"
3.25,2012,0.75,"U.S.A.","Nacional (Arriba)","Ecuador"
3.5,2012,0.75,"U.S.A.","Trinitario","Trinidad"
3.5,2011,0.75,"U.S.A.","","Costa Rica"
3.25,2016,0.7,"South Korea","","Costa Rica"
3.25,2016,0.7,"South Korea","","Costa Rica"
3.25,2016,0.7,"South Korea","","Costa Rica"
3.25,2013,0.75,"Madagascar","Trinitario","Madagascar"
3.25,2013,0.68,"Madagascar","Trinitario","Madagascar"
3.5,2012,0.66,"U.K.","Trinitario","Grenada"
3.75,2016,0.75,"U.S.A.","","Honduras"
3.75,2015,0.7,"U.S.A.","","Venezuela"
3.25,2015,0.75,"U.S.A.","","Bolivia"
3.75,2014,0.8,"U.S.A.","Criollo","Venezuela"
3.5,2013,0.7,"U.S.A.","Trinitario","Madagascar"
3.5,2013,0.7,"U.S.A.","","Dominican Republic"
4,2013,0.75,"U.S.A.","","Bolivia"
3.75,2013,0.75,"U.S.A.","Trinitario","Jamaica"
3.75,2012,0.75,"U.S.A.","Nacional (Arriba)","Ecuador"
3,2011,0.75,"U.S.A.","Criollo","Bolivia"
3.75,2010,0.75,"U.S.A.","","Peru"
3.5,2009,0.7,"U.S.A.","Trinitario","Venezuela"
2.75,2008,0.7,"U.S.A.","","Dominican Republic"
2.75,2008,0.7,"U.S.A.","Trinitario","Jamaica"
2.75,2008,0.7,"U.S.A.","Trinitario","Madagascar"
3,2008,0.7,"U.S.A.","Trinitario","Trinidad"
2.5,2012,0.84,"Hungary","","Venezuela"
2.25,2012,0.76,"Hungary","Trinitario","Venezuela"
2.5,2012,0.72,"Hungary","Trinitario","Madagascar"
3.5,2011,0.73,"Hungary","Criollo","Venezuela"
2.5,2011,0.71,"Hungary","","Venezuela"
3.5,2011,0.7,"Hungary","","Venezuela"
2.75,2011,0.77,"Hungary","Forastero","Principe"
3.5,2010,0.64,"Italy","Trinitario","Madagascar"
1.5,2010,1,"Italy","",""
3,2010,0.7,"Italy","","Dominican Republic"
3.5,2010,0.72,"Italy","","Carribean"
3.5,2010,0.72,"Italy","",""
2.75,2012,0.83,"U.S.A.","","Central and S. America"
3.25,2012,0.69,"U.S.A.","","Central and S. America"
3.5,2008,0.7,"Argentina","Forastero","Brazil"
3.5,2008,0.7,"Argentina","Forastero (Nacional)","Ecuador"
3.5,2008,0.7,"Argentina","Trinitario","Venezuela"
3.5,2008,0.7,"Argentina","Forastero (Arriba) ASSS","Ecuador"
2.75,2009,0.75,"Colombia","Forastero (Nacional)","Colombia"
3,2009,0.7,"Colombia","Forastero (Nacional)","Colombia"
2,2006,0.53,"Colombia","Forastero (Nacional)","Colombia"
3,2006,0.65,"Colombia","Forastero (Nacional)","Colombia"
4,2006,0.7,"Colombia","Forastero (Nacional)","Colombia"
2.75,2011,0.7,"France","Forastero","Sao Tome"
4,2012,0.78,"U.S.A.","","Peru"
3.75,2011,0.68,"U.S.A.","","Papua New Guinea"
3.5,2010,0.68,"U.S.A.","Trinitario","Grenada"
3.75,2010,0.65,"U.S.A.","Trinitario, Criollo","Madagascar"
3.75,2009,0.68,"U.S.A.","","Brazil"
4,2009,0.65,"U.S.A.","Forastero","Ghana"
3.75,2009,0.72,"U.S.A.","Trinitario","Vietnam"
3,2008,0.72,"U.S.A.","Blend","Ven., Trinidad, Mad."
3,2007,0.72,"U.S.A.","Blend","Carribean(DR/Jam/Tri)"
3,2007,0.62,"U.S.A.","",""
3.75,2007,0.75,"U.S.A.","","Venezuela"
3,2007,0.75,"U.S.A.","Blend","Carribean"
2,2006,0.82,"U.S.A.","",""
3.5,2006,0.7,"U.S.A.","Blend",""
2,2006,0.68,"U.S.A.","Blend","Ghana & Madagascar"
2,2006,0.7,"U.S.A.","Trinitario","Jamaica"
3,2006,0.62,"U.S.A.","Blend",""
2.75,2015,0.7,"U.K.","","Domincan Republic"
2.75,2015,0.7,"U.K.","","Grenada"
3.25,2015,0.72,"U.S.A.","Trinitario","Jamaica"
3.5,2015,0.73,"U.S.A.","Forastero","Papua New Guinea"
2.75,2015,0.77,"U.S.A.","Criollo","Venezuela"
3.5,2015,0.74,"U.S.A.","Criollo, Trinitario","Dominican Republic"
3,2014,0.75,"U.S.A.","Trinitario","Ecuador"
3.25,2014,0.72,"U.S.A.","Criollo, Trinitario","Belize"
2,2011,0.73,"U.S.A.","","Hawaii"
2.5,2011,0.73,"U.S.A.","","Hawaii"
3.25,2016,0.7,"Peru","","Peru"
3.5,2011,0.75,"Peru","Criollo","Peru"
3.25,2015,0.82,"Costa Rica","","Costa Rica"
3.5,2015,0.7,"Costa Rica","","Costa Rica"
2.5,2012,0.7,"U.S.A.","","Peru"
3,2011,0.67,"Italy","Criollo","Belize"
3.25,2011,0.65,"Italy","Forastero","Sao Tome"
3.25,2011,0.6,"Italy","Trinitario","Brazil"
3,2011,0.68,"Italy","Criollo, Trinitario","Colombia"
3.5,2016,0.73,"Canada","","Bolivia"
3.5,2016,0.73,"Canada","","Tanzania"
3.75,2016,0.73,"Canada","","Ecuador"
3,2015,1,"Canada","Trinitario","Madagascar"
3,2015,1,"Canada","","Ecuador"
3,2015,0.73,"Canada","","Guatemala"
3.25,2015,0.73,"Canada","","Guatemala"
3.25,2015,0.73,"Canada","","Haiti"
3.75,2014,0.67,"Canada","Trinitario","Madagascar"
3.75,2014,0.73,"Canada","Trinitario","Madagascar"
3.75,2014,0.73,"Canada","","Ecuador"
2.75,2015,0.7,"U.S.A.","Forastero","Ghana"
3,2015,0.72,"U.S.A.","","Nicaragua"
3.5,2017,0.7,"Australia","","Dominican Republic"
3.75,2016,0.7,"Australia","Criollo","Venezuela"
4,2016,0.7,"Australia","Criollo","Ecuador"
3.75,2016,0.7,"Australia","","Belize"
3,2016,0.7,"Australia","Trinitario","Vietnam"
3.75,2016,0.67,"Australia","","Australia"
3.25,2016,0.7,"Australia","","Guatemala"
3.25,2015,0.65,"Australia","Trinitario","Madagascar"
3.5,2015,0.7,"Australia","Trinitario","Madagascar"
3.75,2015,0.67,"Australia","","Tanzania"
3.75,2015,0.7,"Australia","Trinitario","Trinidad"
4,2015,0.72,"Australia","","Ecuador"
2.75,2015,0.72,"Australia","","Bolivia"
3.5,2015,0.65,"Australia","","Papua New Guinea"
3,2015,0.67,"Australia","Forastero (Nacional)","Peru"
3.75,2015,0.7,"Australia","Trinitario","Venezuela"
1.5,2011,0.67,"U.S.A.","Forastero","Ghana"
3,2010,0.68,"U.S.A.","Trinitario","Madagascar"
3.25,2010,0.68,"U.S.A.","","Ecuador"
3.5,2016,0.7,"U.S.A.","","Ecuador"
3,2015,0.72,"U.S.A.","Trinitario","Madagascar"
2.75,2016,0.68,"U.K.","Forastero (Nacional)","Peru"
2.75,2016,0.85,"U.K.","","Domincan Republic"
3.25,2016,0.7,"New Zealand","","Solomon Islands"
3.25,2016,0.75,"New Zealand","","Solomon Islands"
3,2014,0.7,"U.S.A.","Forastero, Trinitario","Uganda"
3,2013,0.7,"U.S.A.","Trinitario","Madagascar"
3,2013,0.7,"U.S.A.","","Venezuela"
3.25,2013,0.7,"U.S.A.","","Bolivia"
3.25,2013,0.7,"U.S.A.","","Peru"
3.5,2013,0.7,"U.S.A.","Blend",""
3.5,2016,0.62,"Canada","","Domincan Republic"
3.5,2016,0.7,"Canada","Trinitario","Madagascar"
3.5,2016,0.7,"Canada","Forastero (Parazinho)","Brazil"
3.75,2016,0.75,"Canada","","Ven.,Ecu.,Peru,Nic."
3.75,2016,0.7,"Canada","Trinitario","Nicaragua"
4,2016,0.7,"Canada","Trinitario","Vietnam"
3.25,2016,0.7,"Canada","","Ecuador"
3.5,2015,0.7,"Canada","Criollo","Venezuela"
4,2015,0.75,"Canada","","Venezuela"
3.5,2014,0.7,"Canada","","Nicaragua"
3.75,2014,0.7,"Canada","Forastero (Nacional)","Peru"
3.25,2014,0.7,"Canada","Trinitario","Nicaragua"
3.5,2014,0.8,"Canada","Forastero (Nacional)","Ecuador"
3.75,2014,0.7,"Canada","Forastero (Amelonado)","Vanuatu"
3.25,2014,0.7,"Canada","Blend","Madagascar & Ecuador"
3.75,2013,0.77,"Canada","Trinitario","Dominican Republic"
3.25,2013,0.7,"Canada","Criollo","Indonesia"
2.75,2013,0.7,"Canada","Criollo","Peru"
3.75,2013,0.7,"Canada","Trinitario","Trinidad"
3.25,2013,0.7,"Canada","",""
3.75,2013,0.7,"Canada","Criollo","Venezuela"
4,2013,0.88,"Canada","","Guat., D.R., Peru, Mad., PNG"
4,2013,0.7,"Canada","Criollo","Venezuela"
4,2013,0.67,"Canada","","Peru, Dom. Rep"
3.25,2013,0.7,"Canada","Forastero","Venezuela"
4,2013,0.7,"Canada","Trinitario","Jamaica"
3.25,2012,0.7,"Canada","","Haiti"
3.75,2012,0.7,"Canada","","Hawaii"
4,2012,0.7,"Canada","Blend","Dom. Rep., Madagascar"
4,2012,0.7,"Canada","Blend","Gre., PNG, Haw., Haiti, Mad"
3.5,2012,0.7,"Canada","Trinitario","Guatemala"
3.75,2012,0.7,"Canada","Trinitario","Venezuela"
3.5,2012,0.7,"Canada","Blend","Mad., Java, PNG"
3.5,2012,0.85,"Canada","Trinitario","Papua New Guinea"
2.75,2011,0.7,"Canada","Trinitario","Grenada"
3.5,2011,0.7,"Canada","Nacional","Bolivia"
4,2011,0.64,"Canada","","Peru"
4,2011,0.7,"Canada","","Ven, Bolivia, D.R."
3.75,2011,0.7,"Canada","Forastero","Dominican Republic"
3.5,2011,0.7,"Canada","Criollo","Venezuela"
3.75,2010,0.7,"Canada","Trinitario, Nacional","DR, Ecuador, Peru"
3,2009,0.7,"Canada","Forastero","Dominican Republic"
3.5,2009,0.7,"Canada","Forastero","Ghana"
3,2009,0.7,"Canada","Trinitario","Dominican Republic"
3.5,2009,0.7,"Canada","Trinitario","Papua New Guinea"
3.75,2009,0.7,"Canada","Criollo","Madagascar"
3.75,2009,0.7,"Canada","Criollo","Venezuela"
3.25,2014,0.7,"U.S.A.","","Nicaragua"
3.5,2014,0.7,"U.S.A.","","Hawaii"
3.25,2017,0.7,"Canada","","Dominican Republic"
3.5,2017,0.7,"Canada","","Madagascar"
3.5,2017,0.75,"Canada","","Venezuela"
3.25,2017,0.75,"Canada","","Ecuador"
3.25,2017,0.77,"Canada","","Papua New Guinea"
3.5,2017,0.8,"Canada","","Tanzania"
3,2012,0.7,"U.S.A.","","Dominican Republic"
3,2012,0.8,"U.S.A.","","Dominican Republic"
3.25,2012,0.75,"U.S.A.","","Dominican Republic"
3.75,2017,0.7,"U.S.A.","","Dominican Republic"
3.5,2017,0.7,"U.S.A.","","Ecuador"
2.75,2017,0.7,"U.S.A.","","Peru"
3.5,2016,0.7,"Australia","","Domincan Republic"
3.75,2016,0.7,"Australia","","Ecuador"
3.75,2016,0.7,"Australia","","Madagascar"
2.75,2014,0.72,"Australia","Trinitario","Vanuatu"
3,2013,0.7,"Switzerland","Criollo","Bolivia"
3,2013,0.7,"U.S.A.","","Dominican Republic"
2.25,2013,0.84,"U.S.A.","","Dominican Republic"
3,2015,0.7,"U.S.A.","Forastero (Nacional)","Ecuador"
3,2015,0.7,"U.S.A.","","Domincan Republic"
3,2015,0.7,"U.S.A.","","Guatemala"
3,2015,0.7,"U.S.A.","Trinitario (Amelonado)","Nicaragua"
3,2015,0.7,"U.S.A.","Trinitario","Madagascar"
2.75,2012,0.68,"Switzerland","Trinitario","Brazil"
3.25,2011,0.72,"Switzerland","","India"
3.5,2014,0.84,"U.S.A.","","Ecuador"
3.5,2014,0.7,"U.S.A.","","Ecuador"
2.5,2012,0.65,"U.S.A.","","Philippines"
2.5,2012,0.7,"U.S.A.","","Philippines"
2.75,2012,0.75,"U.S.A.","","Philippines"
2.75,2013,0.67,"U.S.A.","Trinitario","Madagascar"
3.25,2013,0.78,"U.S.A.","Trinitario","Belize"
2.5,2016,0.61,"Denmark","Criollo, Trinitario","Peru"
3,2016,0.71,"Denmark","Criollo, Trinitario","Peru"
2.75,2016,0.7,"Venezuela","","Venezuela"
3,2016,0.6,"Venezuela","","Venezuela"
2.75,2015,0.7,"Sweden","Criollo, Trinitario","Sri Lanka"
3.25,2015,0.7,"Hungary","","Ecuador"
3.25,2015,0.88,"Hungary","Trinitario","Cuba"
3.25,2015,0.7,"Hungary","Trinitario","Madagascar"
3.75,2015,0.7,"Hungary","Forastero (Nacional)","Ecuador"
3.25,2015,0.7,"Hungary","Trinitario","Vietnam"
3.5,2015,0.7,"Hungary","Forastero (Parazinho)","Brazil"
3.5,2014,0.7,"Hungary","Criollo","Venezuela"
3.75,2014,0.7,"Hungary","Trinitario","Cuba"
3.5,2013,0.7,"Hungary","Criollo","Madagascar"
3.5,2013,0.7,"Hungary","Criollo","Madagascar"
3.25,2013,0.7,"Hungary","","Nicaragua"
3.25,2012,0.7,"Hungary","","Dominican Republic"
3.25,2012,0.7,"Hungary","","Madagascar"
3.75,2012,0.7,"Hungary","","Peru"
3,2011,0.7,"Hungary","","Venezuela"
2.75,2013,0.7,"U.S.A.","","Costa Rica"
2.75,2013,0.7,"U.S.A.","","Dominican Republic"
2.5,2013,0.7,"U.S.A.","","Mexico"
3,2013,0.7,"U.S.A.","","Peru"
3,2015,0.7,"Japan","","Colombia"
3.25,2015,0.62,"Japan","","Papua New Guinea"
3.25,2015,0.6,"Japan","Trinitario","Vietnam"
2.75,2015,0.77,"Japan","Trinitario","Trinidad"
3.25,2016,0.7,"Suriname","Trinitario","Suriname"
3,2014,0.68,"U.S.A.","Trinitario","Belize"
3.25,2011,0.87,"U.S.A.","","Bolivia"
2.75,2009,0.75,"U.S.A.","","Mexico"
3,2007,0.7,"U.S.A.","","Dominican Republic"
2,2016,0.62,"U.S.A.","Forastero","West Africa"
3.25,2012,0.99,"U.S.A.","","Peru, Ecuador"
2.75,2009,0.6,"U.S.A.","",""
3,2009,0.68,"U.S.A.","",""
2.5,2008,0.7,"U.S.A.","Forastero","Ghana"
2.5,2008,0.7,"U.S.A.","","Peru"
2.75,2008,0.7,"U.S.A.","","Madagascar"
2.5,2008,0.7,"U.S.A.","","Peru"
2.75,2012,0.7,"U.S.A.","","Madagascar"
3,2012,0.7,"U.S.A.","Blend","Ecuador, Mad., PNG"
3,2012,0.7,"U.S.A.","","Papua New Guinea"
3.5,2012,0.7,"U.S.A.","","Dominican Republic"
3.25,2012,0.7,"U.S.A.","","Ecuador"
2,2012,0.7,"U.S.A.","","Peru"
3.25,2012,0.7,"U.S.A.","","Ecuador"
2.75,2012,0.7,"U.S.A.","","Bolivia"
3,2012,0.7,"U.S.A.","","Madagascar"
3.25,2012,0.7,"U.S.A.","","Mexico"
2.75,2012,0.7,"U.S.A.","","Brazil"
3,2012,0.8,"U.S.A.","","Venezuela"
3.25,2012,0.67,"U.S.A.","","Bolivia"
3.5,2012,0.7,"U.S.A.","Forastero (Parazinho)","Brazil"
2.75,2015,0.7,"U.S.A.","","Peru"
3.75,2015,0.7,"U.S.A.","Trinitario","Belize"
3.75,2015,0.7,"U.S.A.","Trinitario","Madagascar"
3.25,2015,0.7,"U.S.A.","","Ecuador"
3.5,2015,0.7,"U.S.A.","","Domincan Republic"
3.75,2015,0.7,"U.S.A.","Trinitario","Guatemala"
3.25,2014,0.77,"U.S.A.","","Ecuador"
3.75,2014,0.67,"U.S.A.","Trinitario","Madagascar"
3.75,2014,0.73,"U.S.A.","Forastero","Uganda"
3,2015,0.7,"Sweden","","Peru"
3.25,2012,0.65,"U.S.A.","Forastero","Congo"
3.5,2007,0.65,"U.S.A.","Trinitario","Madagascar"
2.5,2007,0.75,"U.S.A.","","Ivory Coast"
3,2007,0.84,"U.S.A.","Forastero","Ghana"
2,2007,0.91,"U.S.A.","Blend","Venezuela"
3,2007,0.75,"U.S.A.","Blend","Ghana, Panama, Ecuador"
3.25,2015,0.7,"Japan","","Peru"
3.75,2016,0.72,"Germany","Trinitario, TCGA","Belize"
3.25,2014,0.81,"Ecuador","Forastero (Nacional)","Ecuador"
4,2012,0.7,"France","Trinitario","Tobago"
3,2012,0.77,"U.S.A.","Criollo","Bolivia"
2.75,2011,0.72,"U.S.A.","","Venezuela"
3,2011,0.74,"U.S.A.","","Dominican Republic"
3,2014,0.72,"U.S.A.","","Dominican Republic"
3.5,2011,0.72,"Madagascar","","Madagascar"
2.75,2015,0.75,"U.S.A.","","Domincan Republic"
3.5,2015,0.75,"U.S.A.","","Ecuador"
3.5,2014,0.75,"U.S.A.","Trinitario","Madagascar"
3.25,2013,0.68,"U.S.A.","","Dominican Republic"
2.5,2013,0.75,"U.S.A.","","Bolivia"
2.75,2011,0.73,"U.S.A.","","Dominican Republic"
3,2016,0.6,"U.S.A.","Criollo","Peru"
3.75,2011,0.63,"France","","Dominican Republic"
2.75,2014,0.74,"U.S.A.","","Nicaragua"
3,2014,0.7,"U.S.A.","","Dominican Republic"
3,2016,0.72,"U.S.A.","Trinitario","Madagascar"
3.25,2016,0.72,"U.S.A.","","Tanzania"
3.25,2014,0.65,"Italy","Trinitario","Venezuela"
4,2015,0.63,"France","","Peru"
3.5,2013,0.7,"France","",""
3.5,2013,0.64,"France","","Dominican Republic"
4,2012,0.69,"France","","Venezuela"
3.25,2011,0.56,"France","",""
4,2011,0.64,"France","Criollo","Venezuela"
3.75,2009,0.64,"France","","Dominican Republic"
3.75,2009,0.66,"France","","Ecuador"
3.5,2009,0.68,"France","Forastero","Ghana"
3,2007,0.72,"France","Blend","Venezuela, Carribean"
3.75,2007,0.65,"France","Trinitario","Venezuela"
4,2007,0.64,"France","Criollo, Trinitario","Madagascar"
1.5,2007,0.85,"France","",""
2.5,2007,0.85,"France","Forastero","West Africa"
2.75,2007,0.71,"France","Forastero","West Africa"
3.25,2007,0.64,"France","Criollo (Porcelana)","Venezuela"
3,2006,0.66,"France","Trinitario","Carribean"
4,2006,0.7,"France","Criollo, Trinitario","South America"
2.5,2006,0.64,"France","Trinitario","Trinidad"
3,2006,0.64,"France","Criollo (Porcelana)","Venezuela"
3.5,2006,0.64,"France","Trinitario","Madagascar"
2.5,2012,0.72,"U.S.A.","Forastero","Ghana"
2.75,2012,0.65,"U.S.A.","Forastero","Ghana"
2.75,2009,0.72,"Madagascar","Trinitario","Madagascar"
2.75,2009,0.76,"Madagascar","Trinitario","Madagascar"
2.75,2009,0.8,"Madagascar","Trinitario","Madagascar"
3,2009,0.7,"Madagascar","Trinitario","Madagascar"
3,2009,0.68,"Madagascar","Trinitario","Madagascar"
3.25,2009,0.64,"Madagascar","Trinitario","Madagascar"
3.25,2015,0.7,"U.S.A.","","Bolivia"
3.25,2015,0.7,"U.S.A.","","Bolivia"
3.25,2014,0.9,"U.S.A.","","Dominican Republic"
3.5,2014,0.75,"U.S.A.","Trinitario","Trinidad"
3.5,2014,0.75,"U.S.A.","","Ecuador"
3.75,2013,0.9,"U.S.A.","","Central and S. America"
3.25,2012,0.7,"U.S.A.","","Central and S. America"
3.5,2012,0.7,"France","Trinitario","Vietnam"
3,2014,0.75,"U.S.A.","","Peru"
2,2007,1,"U.S.A.","Forastero (Arriba)","Ecuador"
2,2007,0.9,"U.S.A.","Forastero (Arriba)","Ecuador"
3,2007,0.75,"U.S.A.","Forastero (Arriba)","Ecuador"
3,2007,0.65,"U.S.A.","Forastero (Arriba)","Ecuador"
2.75,2015,0.77,"U.S.A.","Trinitario","Madagascar"
3,2015,0.77,"U.S.A.","Criollo, Trinitario","Belize"
3,2015,0.77,"U.S.A.","Criollo","Venezuela"
3.25,2015,0.77,"U.S.A.","Criollo, Trinitario","Peru"
2.75,2015,0.77,"U.S.A.","Trinitario","Guatemala"
2.5,2016,0.7,"U.S.A.","","Peru"
2.5,2016,0.7,"U.S.A.","","Venezuela"
3,2016,0.7,"U.S.A.","","Domincan Republic"
3.5,2016,0.7,"New Zealand","Trinitario","Dominican Republic"
3.5,2016,0.7,"New Zealand","","Peru"
2.5,2011,0.72,"New Zealand","Forastero","Ghana"
2.5,2013,0.75,"Ireland","Criollo","Peru"
2.75,2013,0.89,"Ireland","Criollo","Peru"
3.25,2013,0.75,"Ireland","Criollo","Peru"
2.75,2013,0.75,"Ireland","Criollo","Peru"
4,2016,0.7,"U.K.","","Colombia"
3,2014,0.88,"U.K.","Trinitario","Colombia"
2.25,2013,1,"U.K.","","Indonesia"
3,2010,0.71,"U.K.","Trinitario","Madagascar"
3.5,2010,0.72,"U.K.","","Venezuela"
3.75,2010,0.69,"U.K.","","Indonesia"
3,2009,0.7,"U.K.","","Peru"
3.25,2009,0.72,"U.K.","Trinitario","Venezuela"
3,2016,0.74,"U.S.A.","Criollo","Venezuela"
3.5,2016,0.76,"U.S.A.","","Bolivia"
3.75,2016,0.75,"U.S.A.","","Ghana"
3,2014,0.7,"U.S.A.","Forastero (Nacional)","Peru"
3.25,2013,0.7,"U.S.A.","","Ecuador"
3.5,2013,0.7,"U.S.A.","Trinitario","Trinidad"
2.5,2012,0.7,"U.S.A.","","Ecuador"
3,2012,0.7,"U.S.A.","","Costa Rica"
3.25,2012,0.7,"U.S.A.","Trinitario","Madagascar"
4,2011,0.7,"U.S.A.","","Venezuela"
3.5,2011,0.7,"U.S.A.","","Dominican Republic"
3,2013,0.66,"Domincan Republic","","Dominican Republic"
2.75,2017,0.7,"U.S.A.","","Madagascar"
2.5,2017,0.7,"U.S.A.","","Dominican Republic"
3,2015,0.7,"U.S.A.","","Papua New Guinea"
3.25,2015,0.7,"U.S.A.","","Domincan Republic"
3.25,2015,0.7,"U.S.A.","Trinitario","Madagascar"
3.25,2015,0.7,"U.S.A.","","Peru"
3.5,2015,0.7,"U.S.A.","Trinitario","Belize"
3,2015,0.6,"U.S.A.","",""
3.5,2016,0.7,"Austria","Criollo, Trinitario","Madagascar"
2.75,2016,0.7,"Austria","Nacional (Arriba)","Ecuador"
2.75,2016,0.85,"Austria","Trinitario","Trinidad"
3,2016,0.85,"Austria","Criollo, Trinitario","Tanzania"
3.5,2016,0.7,"Austria","Criollo, Trinitario","Tanzania"
3.5,2016,0.78,"Austria","Trinitario","Trinidad"
3.75,2016,0.78,"Australia","","Solomon Islands"
3.25,2016,0.65,"Australia","",""
3.5,2011,0.68,"Australia","","Bolivia"
3.5,2011,0.66,"Australia","Trinitario","Papua New Guinea"
3.75,2011,0.72,"Australia","","Bolivia"
2.75,2014,0.8,"Austria","",""
3.5,2012,0.72,"Austria","","Panama"
3.5,2012,0.65,"Austria","",""
3,2012,0.7,"Austria","Criollo (Amarru)","Peru"
3.5,2012,0.7,"Austria","Criollo (Amarru)","Peru"
3.75,2012,0.62,"Austria","","Dominican Republic"
3,2012,0.75,"Austria","Forastero (Nacional)","Ecuador"
3,2012,0.75,"Austria","Criollo, Trinitario","Papua New Guinea"
3.25,2012,0.9,"Austria","","Bolivia"
3.75,2012,0.7,"Austria","","Dominican Republic"
3.25,2012,0.68,"Austria","Forastero","Congo"
3.5,2012,0.58,"Austria","",""
3.75,2011,0.7,"Austria","","Peru"
3,2011,0.65,"Austria","Forastero","Congo"
3.5,2011,0.65,"Austria","Forastero","India"
3.25,2011,0.62,"Austria","","India"
3,2010,0.65,"Austria","","Brazil"
